"STATION","DATE","LATITUDE","LONGITUDE","ELEVATION","NAME","CDSD","CDSD_ATTRIBUTES","CLDD","CLDD_ATTRIBUTES","DP01","DP01_ATTRIBUTES","DP10","DP10_ATTRIBUTES","DP1X","DP1X_ATTRIBUTES","DSND","DSND_ATTRIBUTES","DT00","DT00_ATTRIBUTES","DT32","DT32_ATTRIBUTES","DX32","DX32_ATTRIBUTES","DX70","DX70_ATTRIBUTES","DX90","DX90_ATTRIBUTES","EMNT","EMNT_ATTRIBUTES","EMSD","EMSD_ATTRIBUTES","EMXP","EMXP_ATTRIBUTES","EMXT","EMXT_ATTRIBUTES","FZF0","FZF0_ATTRIBUTES","FZF1","FZF1_ATTRIBUTES","FZF2","FZF2_ATTRIBUTES","FZF3","FZF3_ATTRIBUTES","FZF4","FZF4_ATTRIBUTES","FZF5","FZF5_ATTRIBUTES","FZF6","FZF6_ATTRIBUTES","FZF7","FZF7_ATTRIBUTES","FZF8","FZF8_ATTRIBUTES","FZF9","FZF9_ATTRIBUTES","HDSD","HDSD_ATTRIBUTES","HTDD","HTDD_ATTRIBUTES","PRCP","PRCP_ATTRIBUTES","TAVG","TAVG_ATTRIBUTES","TMAX","TMAX_ATTRIBUTES","TMIN","TMIN_ATTRIBUTES"
"SWE00139148","1836","59.86","17.63","13.0","UPPSALA AUT, SW","","","","","       130","E","        74","E","         1","E","","","","","","","","","","","","","","","","","  32.5"," ,E,0910, ","","","","","","","","","","","","","","","","","","","","","","","","","","","    584.1"," ,E","","","","","",""
"SWE00139148","1837","59.86","17.63","13.0","UPPSALA AUT, SW","","","","","        95","E","        64","E","         1","E","","","","","","","","","","","","","","","","","  31.9"," ,E,0916, ","","","","","","","","","","","","","","","","","","","","","","","","","","","    497.8"," ,E","","","","","",""
"SWE00139148","1838","59.86","17.63","13.0","UPPSALA AUT, SW","","","","","        92","E","        64","E","         4","E","","","","","","","","","","","","","","","","","  39.6"," ,E,0729, ","","","","","","","","","","","","","","","","","","","","","","","","","","","    644.7"," ,E","","","","","",""
"SWE00139148","1839","59.86","17.63","13.0","UPPSALA AUT, SW","","","","","        91","E","        57","E","         0","E","","","","","","","","","","","","","","","","","  24.1"," ,E,1005, ","","","","","","","","","","","","","","","","","","","","","","","","","","","    507.9"," ,E","","","","","",""
"SWE00139148","1840","59.86","17.63","13.0","UPPSALA AUT, SW","      2.4","","       2.4","E","       101","E","        64","E","         2","E","","","         6","E","       171","E","        59","E","        50","E","         0","E","  -22.3","E,0109, ","","","  26.0"," ,E,1111, ","   29.0","E,0609, ","-0.3","E,0919","-3.1","E,1016","-4.8","E,1114","-6.8","E,1120","-13.1","E,1121","-2.8","E,0523","-2.8","E,0523","-5.3","E,0420","-11.9","E,0328","-11.9","E,0328","","","","","    575.4"," ,E","      5.02","E","      9.51","E","      0.51","E"
"SWE00139148","1841","59.86","17.63","13.0","UPPSALA AUT, SW","     26.9","","      26.9","E","       111","E","        70","E","         1","E","","","        13","E","       167","E","        59","E","        49","E","         3","E","  -26.4","E,0207, ","","","  28.2"," ,E,0131, ","   32.8","E,0530, ","-2.1","E,0920","-3.1","E,0926","-4.5","E,1004","-8.0","E,1029","-10.9","E,1112","-1.9","E,0504","-2.7","E,0424","-12.1","E,0325","-12.1","E,0325","-12.1","E,0325","    4807.6","6","    4807.6","E","    614.4"," ,E","      5.10","E","      9.46","E","      0.74","E"
"SWE00139148","1842","59.86","17.63","13.0","UPPSALA AUT, SW","     41.7","","      41.7","E","        99","E","        47","E","         0","E","","","         3","E","       172","E","        52","E","        63","E","         0","E","  -23.0","E,1125, ","","","  22.5"," ,E,0615, ","   29.9","E,0819,+","-0.8","E,0907","-4.0","E,1004","-5.9","E,1006","-6.9","E,1106","-11.3","E,1122","-1.5","E,0512","-3.1","E,0501","-4.4","E,0429","-9.4","E,0416","-9.4","E,0416","    4521.9","9","    4521.9","E","    375.5"," ,E","      6.06","E","     10.59","E","      1.53","E"
"SWE00139148","1843","59.86","17.63","13.0","UPPSALA AUT, SW","     64.2","","      64.2","E","       100","E","        49","E","         0","E","","","         3","E","       207","E","        39","E","        68","E","         2","E","  -20.3","E,0217, ","","","  21.4"," ,E,0722, ","   32.2","E,0714,+","0.0","E,0925","-2.9","E,0928","-5.7","E,1012","-6.7","E,1020","-12.6","E,1125","-2.0","E,0602","-2.9","E,0523","-4.7","E,0517","-10.0","E,0415","-10.0","E,0415","    4900.0","0","    4900.0","E","    437.3"," ,E","      5.30","E","     10.28","E","      0.32","E"
"SWE00139148","1844","59.86","17.63","13.0","UPPSALA AUT, SW","      0.7","","       0.7","E","       124","E","        74","E","         2","E","","","        20","E","       174","E","        92","E","        39","E","         0","E","  -26.7","E,0222, ","","","  39.1"," ,E,0810, ","   24.6","E,0708,+","0.0","E,0930","-3.4","E,1010","-5.2","E,1104","-12.8","E,1114","-12.8","E,1114","-1.5","E,0603","-2.9","E,0430","-5.1","E,0402","-8.7","E,0328","-10.9","E,0325","    4998.7","7","    4998.7","E","    650.0"," ,E","      3.71","E","      8.00","E","     -0.58","E"
"SWE00139148","1845","59.86","17.63","13.0","UPPSALA AUT, SW","     28.1","","      28.1","E","       110","E","        62","E","         0","E","","","        12","E","       179","E","        74","E","        54","E","         0","E","  -27.5","E,0314, ","","","  23.0"," ,E,0831, ","   31.5","E,0721, ","0.0","E,1007","-3.0","E,1014","-5.7","E,1103","-6.8","E,1125","-10.6","E,1211","-3.6","E,0528","-3.6","E,0528","-5.2","E,0501","-7.0","E,0414","-12.0","E,0331","    5265.8","8","    5265.8","E","    419.8"," ,E","      4.50","E","      8.85","E","      0.14","E"
"SWE00139148","1846","59.86","17.63","13.0","UPPSALA AUT, SW","     98.9","","      98.9","E","        97","E","        60","E","         0","E","","","         6","E","       159","E","        67","E","        83","E","         2","E","  -21.6","E,0219, ","","","  23.8"," ,E,0716, ","   33.0","E,0804, ","-2.8","E,0924","-2.8","E,0924","-7.2","E,1116","-7.2","E,1116","-14.0","E,1130","-2.1","E,0514","-4.3","E,0507","-6.5","E,0506","-7.7","E,0321","-21.6","E,0219","    4784.4","4","    4784.4","E","    469.5"," ,E","      5.81","E","     10.09","E","      1.52","E"
"SWE00139148","1847","59.86","17.63","13.0","UPPSALA AUT, SW","     21.9","","      21.9","E","        88","E","        55","E","         1","E","","","         5","E","       174","E","        64","E","        47","E","         0","E","  -22.0","E,0214, ","","","  30.3"," ,E,0927, ","   28.0","E,0604, ","0.0","E,0930","-2.7","E,1004","-6.0","E,1007","-7.5","E,1219","-10.1","E,1223","0.0","E,0524","-3.0","E,0519","-5.0","E,0427","-14.5","E,0411","-14.5","E,0411","    4816.2","2","    4816.2","E","    480.6"," ,E","      5.02","E","      9.22","E","      0.82","E"
"SWE00139148","1848","59.86","17.63","13.0","UPPSALA AUT, SW","      3.6","","       3.6","E","       122","E","        75","E","         2","E","","","         3","E","       176","E","        69","E","        55","E","         0","E","  -18.1","E,1117, ","","","  27.0"," ,E,0717, ","   29.0","E,0620, ","-0.8","E,0916","-2.2","E,1014","-5.5","E,1019","-7.1","E,1020","-11.0","E,1107","-2.8","E,0505","-2.8","E,0505","-5.0","E,0311","-7.2","E,0310","-10.0","E,0225","    4560.3","3","    4560.3","E","    658.3"," ,E","      5.14","E","      9.52","E","      0.76","E"
"SWE00139148","1849","59.86","17.63","13.0","UPPSALA AUT, SW","      5.4","","       5.4","E","        97","E","        52","E","         2","E","","","         4","E","       195","E","        71","E","        44","E","         0","E","  -21.0","E,0110, ","","","  31.3"," ,E,1001, ","   27.4","E,0708, ","0.0","E,0927","-2.7","E,1007","-4.6","E,1011","-6.7","E,1012","-9.1","E,1118","-1.0","E,0523","-2.7","E,0515","-4.8","E,0513","-6.7","E,0416","-12.3","E,0316","    4995.8","8","    4995.8","E","    462.0"," ,E","      4.51","E","      8.91","E","      0.11","E"
"SWE00139148","1850","59.86","17.63","13.0","UPPSALA AUT, SW","     31.2","","      31.2","E","        77","E","        50","E","         1","E","","","        11","E","       181","E","        83","E","        63","E","         0","E","  -27.0","E,0121, ","","","  30.5"," ,E,0709, ","   31.0","E,0816, ","-0.5","E,0908","-3.3","E,1012","-6.3","E,1110","-8.4","E,1112","-13.2","E,1116","0.0","E,0514","-3.8","E,0503","-4.7","E,0426","-7.0","E,0404","-10.0","E,0402","    5057.2","2","    5057.2","E","    527.2"," ,E","      4.56","E","      9.10","E","      0.01","E"
"SWE00139148","1851","59.86","17.63","13.0","UPPSALA AUT, SW","      4.7","","       4.7","E","       109","E","        61","E","         4","E","","","         1","E","       160","E","        58","E","        30","E","         0","E","  -17.8","E,0202, ","","","  35.7"," ,E,1130, ","   31.8","E,0702, ","-2.0","E,1021","-3.0","E,1025","-7.2","E,1030","-7.2","E,1030","-12.0","E,1031","0.0","E,0525","-2.2","E,0514","-5.0","E,0409","-6.7","E,0324","-16.4","E,0308","    4933.9","9","    4933.9","E","    681.6"," ,E","      5.26","E","      9.37","E","      1.14","E"
"SWE00139148","1852","59.86","17.63","13.0","UPPSALA AUT, SW","     41.1","","      41.1","E","        71","E","        47","E","         1","E","","","         4","E","       197","E","        61","E","        93","E","         0","E","  -21.3","E,0212, ","","","  25.4"," ,E,1006, ","   32.1","E,0711, ","0.0","E,0923","-2.3","E,1004","-5.0","E,1005","-9.0","E,1018","-9.0","E,1018","0.0","E,0528","-5.1","E,0503","-5.1","E,0503","-7.0","E,0418","-12.0","E,0329","    4667.2","2","    4667.2","E","    553.0"," ,E","      5.21","E","     10.20","E","      0.22","E"
"SWE00139148","1853","59.86","17.63","13.0","UPPSALA AUT, SW","     22.5","","      22.5","E","        83","E","        41","E","         1","E","","","         9","E","       173","E","        84","E","        67","E","         0","E","  -22.5","E,0316, ","","","  52.9"," ,E,0819, ","   28.7","E,0526, ","0.0","E,0928","-4.0","E,1020","-7.0","E,1126","-7.0","E,1126","-9.2","E,1127","0.0","E,0520","-2.8","E,0514","-7.0","E,0418","-7.0","E,0418","-11.0","E,0414","    5118.4","4","    5118.4","E","    443.2"," ,E","      4.84","E","      9.32","E","      0.36","E"
"SWE00139148","1854","59.86","17.63","13.0","UPPSALA AUT, SW","     41.5","","      41.5","E","       108","E","        57","E","         0","E","","","         5","E","       185","E","        58","E","        76","E","         0","E","  -26.4","E,0109, ","","","  24.0"," ,E,1026, ","   31.5","E,0619, ","-2.6","E,0923","-2.6","E,0923","-4.7","E,1008","-8.5","E,1110","-11.3","E,1111","-0.2","E,0613","-3.7","E,0604","-8.5","E,0424","-8.5","E,0424","-9.2","E,0327","    4636.9","9","    4636.9","E","    404.6"," ,E","      5.34","E","     10.62","E","      0.06","E"
"SWE00139148","1855","59.86","17.63","13.0","UPPSALA AUT, SW","     77.4","","      77.4","E","        92","E","        54","E","         5","E","","","        30","E","       186","E","        98","E","        71","E","         2","E","  -28.3","E,0214, ","","","  32.8"," ,E,0802, ","   33.8","E,0730, ","0.0","E,0907","-3.3","E,1014","-5.1","E,1021","-6.8","E,1105","-13.3","E,1125","-1.4","E,0602","-3.2","E,0601","-5.2","E,0531","-7.0","E,0501","-9.0","E,0402","    5254.9","9","    5254.9","E","    551.3"," ,E","      4.04","E","      9.30","E","     -1.22","E"
"SWE00139148","1856","59.86","17.63","13.0","UPPSALA AUT, SW","      8.3","","       8.3","E","        90","E","        57","E","         2","E","","","        15","E","       200","E","        66","E","        54","E","         0","E","  -26.9","E,0112, ","","","  31.9"," ,E,0527, ","   31.3","E,0726, ","-0.1","E,0812","-2.2","E,0904","-4.9","E,1007","-7.2","E,1104","-10.0","E,1111","-2.3","E,0524","-2.3","E,0524","-5.7","E,0510","-15.3","E,0329","-15.3","E,0329","    4955.7","7","    4955.7","E","    549.7"," ,E","      4.03","E","      9.60","E","     -1.53","E"
"SWE00139148","1857","59.86","17.63","13.0","UPPSALA AUT, SW","     26.7","","      26.7","E","        87","E","        54","E","         2","E","","","         2","E","       174","E","        48","E","        73","E","         0","E","  -20.8","E,0102, ","","","  57.2"," ,E,0709, ","   31.2","E,0815, ","-0.3","E,0923","-2.5","E,1017","-6.0","E,1117","-6.9","E,1118","-16.0","E,1126","-0.9","E,0601","-4.9","E,0527","-4.9","E,0527","-9.0","E,0423","-9.0","E,0423","    5231.5","5","    5231.5","E","    509.3"," ,E","      5.58","E","     10.12","E","      1.04","E"
"SWE00139148","1858","59.86","17.63","13.0","UPPSALA AUT, SW","     71.9","","      71.9","E","        80","E","        51","E","         1","E","","","         9","E","       176","E","        64","E","        88","E","         2","E","  -22.2","E,0204, ","","","  27.7"," ,E,0713, ","   32.7","E,0815,+","-3.3","E,0930","-3.3","E,0930","-5.2","E,1020","-7.3","E,1021","-10.9","E,1101","0.0","E,0630","-4.1","E,0425","-5.8","E,0422","-9.4","E,0413","-9.4","E,0413","    4436.5","5","    4436.5","E","    446.0"," ,E","      5.55","E","     10.84","E","      0.25","E"
"SWE00139148","1859","59.86","17.63","13.0","UPPSALA AUT, SW","     28.1","","      28.1","E","        83","E","        57","E","         0","E","","","         5","E","       175","E","        29","E","        85","E","         0","E","  -28.0","E,1219, ","","","  25.3"," ,E,0701, ","   30.2","E,0819,+","-0.6","E,0918","-2.9","E,1018","-6.6","E,1020","-12.0","E,1021","-12.0","E,1021","-1.5","E,0605","-2.2","E,0523","-7.3","E,0513","-7.3","E,0513","-10.2","E,0406","    4521.4","4","    4521.4","E","    493.9"," ,E","      5.77","E","     10.81","E","      0.73","E"
"SWE00139148","1860","59.86","17.63","13.0","UPPSALA AUT, SW","     26.6","","      26.6","E","        76","E","        68","E","         0","E","","","        15","E","       185","E","        81","E","        47","E","         0","E","  -29.7","E,0222, ","","","  25.3"," ,E,1004, ","   29.8","E,0720, ","-2.3","E,0911","-2.3","E,0911","-6.0","E,1013","-8.0","E,1014","-13.7","E,1127","-0.8","E,0518","-5.1","E,0509","-5.1","E,0509","-9.3","E,0331","-9.3","E,0331","    4997.3","3","    4997.3","E","    700.9"," ,E","      4.12","E","      8.58","E","     -0.33","E"
"SWE00139148","1861","59.86","17.63","13.0","UPPSALA AUT, SW","     59.3","","      59.3","E","        72","E","        61","E","         1","E","","","         9","E","       186","E","        57","E","        73","E","         1","E","  -27.5","E,0112, ","","","  56.7"," ,E,0731, ","   33.5","E,0615, ","-0.8","E,0912","-2.3","E,1005","-5.2","E,1018","-7.3","E,1106","-14.7","E,1117","0.0","E,0522","-3.9","E,0519","-5.7","E,0429","-6.7","E,0422","-12.5","E,0315","    5138.4","4","    5138.4","E","    573.1"," ,E","      5.21","E","      9.94","E","      0.48","E"
"SWE00139148","1862","59.86","17.63","13.0","UPPSALA AUT, SW","      0.1","","       0.1","E","        75","E","        60","E","         1","E","","","        20","E","       190","E","        74","E","        49","E","         0","E","  -25.8","E,0207, ","","","  28.5"," ,E,1130, ","   26.0","E,0507, ","-0.8","E,0901","-2.2","E,0918","-5.2","E,1015","-11.5","E,1201","-11.5","E,1201","-0.7","E,0628","-2.6","E,0505","-4.8","E,0417","-7.4","E,0406","-17.8","E,0327","    4972.3","3","    4972.3","E","    594.4"," ,E","      4.20","E","      9.30","E","     -0.89","E"
"SWE00139148","1863","59.86","17.63","13.0","UPPSALA AUT, SW","     13.0","","      13.0","E","       142","E","        58","E","         0","E","","","         2","E","       167","E","        30","E","        62","E","         0","E","  -19.1","E,0310, ","","","  22.7"," ,E,0506, ","   31.0","E,0711, ","0.0","E,0919","-3.0","E,1022","-5.0","E,1024","-7.8","E,1025","-9.4","E,1212","-1.0","E,0718","-2.5","E,0602","-4.4","E,0525","-9.2","E,0427","-9.2","E,0427","    4530.9","9","    4530.9","E","    497.0"," ,E","      6.24","E","     11.27","E","      1.22","E"
"SWE00139148","1864","59.86","17.63","13.0","UPPSALA AUT, SW","     20.8","","      20.8","E","       129","E","        60","E","         1","E","","","         2","E","       203","E","        81","E","        45","E","         0","E","  -20.5","E,0103,+","","","  27.0"," ,E,0704, ","   30.5","E,0617,+","-0.9","E,0828","-3.7","E,1003","-6.6","E,1014","-7.9","E,1015","-10.5","E,1016","-7.1","E,0527","-7.1","E,0527","-7.1","E,0527","-7.1","E,0527","-13.5","E,0408","    4897.9","9","    4897.9","E","    458.7"," ,E","      3.93","E","      8.71","E","     -0.86","E"
"SWE00139148","1865","59.86","17.63","13.0","UPPSALA AUT, SW","     72.4","","      72.4","E","       122","E","        63","E","         0","E","","","        24","E","       167","E","        59","E","        56","E","         5","E","  -30.6","E,0204, ","","","  23.0"," ,E,0805, ","   36.0","E,0724, ","-1.9","E,0903","-3.7","E,1002","-7.4","E,1003","-7.4","E,1003","-16.2","E,1018","-0.3","E,0618","-6.7","E,0513","-6.7","E,0513","-6.7","E,0513","-8.9","E,0430","    5274.6","6","    5274.6","E","    462.2"," ,E","      4.79","E","      9.82","E","     -0.24","E"
"SWE00139148","1866","59.86","17.63","13.0","UPPSALA AUT, SW","     14.5","","      14.5","E","       181","E","        94","E","         1","E","","","        12","E","       183","E","        62","E","        34","E","         0","E","  -22.7","E,0316, ","","","  53.5"," ,E,0710, ","   30.2","E,0627, ","-1.7","E,1005","-2.2","E,1011","-5.1","E,1018","-8.4","E,1111","-11.5","E,1116","-2.1","E,0523","-5.1","E,0522","-5.1","E,0522","-10.1","E,0421","-10.1","E,0421","    4775.1","1","    4775.1","E","    836.9"," ,E","      4.60","E","      9.27","E","     -0.07","E"
"SWE00139148","1867","59.86","17.63","13.0","UPPSALA AUT, SW","     14.5","","      14.5","E","       151","E","        67","E","         1","E","","","        21","E","       202","E","        88","E","        32","E","         0","E","  -23.3","E,1215, ","","","  25.5"," ,E,0720, ","   31.8","E,0623, ","-0.4","E,0919","-3.3","E,0926","-4.4","E,1029","-6.7","E,1112","-15.8","E,1117","-1.2","E,0612","-3.0","E,0603","-5.2","E,0524","-8.1","E,0514","-11.8","E,0513","    5586.9","9","    5586.9","E","    592.1"," ,E","      2.56","E","      7.13","E","     -2.01","E"
"SWE00139148","1868","59.86","17.63","13.0","UPPSALA AUT, SW","","","","","       152","E","        68","E","         1","E","","","","","","","","","","","","","","","","","  36.7"," ,E,0915, ","","","","","","","","","","","","","","","","","","","","","","","    5028.6","6","    5028.6","E","    596.9"," ,E","","","","","",""
"SWE00139148","1869","59.86","17.63","13.0","UPPSALA AUT, SW","","","","","       154","E","        77","E","         2","E","","","","","","","","","","","","","","","","","  29.5"," ,E,0902, ","","","","","","","","","","","","","","","","","","","","","","","","","","","    636.2"," ,E","","","","","",""
"SWE00139148","1870","59.86","17.63","13.0","UPPSALA AUT, SW","","","","","       160","E","        59","E","         0","E","","","","","","","","","","","","","","","","","  17.0"," ,E,0720, ","","","","","","","","","","","","","","","","","","","","","","","","","","","    480.6"," ,E","","","","","",""
"SWE00139148","1871","59.86","17.63","13.0","UPPSALA AUT, SW","","","","","       131","E","        62","E","         2","E","","","","","","","","","","","","","","","","","  27.8"," ,E,0703, ","","","","","","","","","","","","","","","","","","","","","","","","","","","    525.1"," ,E","","","","","",""
"SWE00139148","1872","59.86","17.63","13.0","UPPSALA AUT, SW","","","","","       175","E","        82","E","         1","E","","","","","","","","","","","","","","","","","  33.8"," ,E,0725, ","","","","","","","","","","","","","","","","","","","","","","","","","","","    699.9"," ,E","","","","","",""
"SWE00139148","1873","59.86","17.63","13.0","UPPSALA AUT, SW","","","","","       154","E","        69","E","         0","E","","","","","","","","","","","","","","","","","  22.9"," ,E,0915, ","","","","","","","","","","","","","","","","","","","","","","","","","","","    519.5"," ,E","","","","","",""
"SWE00139148","1874","59.86","17.63","13.0","UPPSALA AUT, SW","","","","","       128","E","        52","E","         0","E","","","","","","","","","","","","","","","","","  18.5"," ,E,0831, ","","","","","","","","","","","","","","","","","","","","","","","","","","","    414.7"," ,E","","","","","",""
"SWE00139148","1875","59.86","17.63","13.0","UPPSALA AUT, SW","","","","","       137","E","        34","E","         0","E","","","","","","","","","","","","","","","","","  20.8"," ,E,0822, ","","","","","","","","","","","","","","","","","","","","","","","","","","","    311.4"," ,E","","","","","",""
"SWE00139148","1876","59.86","17.63","13.0","UPPSALA AUT, SW","","","","","       135","E","        58","E","         1","E","","","","","","","","","","","","","","","","","  28.7"," ,E,0628, ","","","","","","","","","","","","","","","","","","","","","","","","","","","    461.9"," ,E","","","","","",""
"SWE00139148","1877","59.86","17.63","13.0","UPPSALA AUT, SW","","","","","       172","E","        73","E","         2","E","","","","","","","","","","","","","","","","","  30.0"," ,E,0225, ","","","","","","","","","","","","","","","","","","","","","","","","","","","    620.9"," ,E","","","","","",""
"SWE00139148","1878","59.86","17.63","13.0","UPPSALA AUT, SW","","","","","       175","E","        78","E","         0","E","","","","","","","","","","","","","","","","","  17.6"," ,E,0707, ","","","","","","","","","","","","","","","","","","","","","","","","","","","    543.0"," ,E","","","","","",""
"SWE00139148","1879","59.86","17.63","13.0","UPPSALA AUT, SW","","","","","       123","E","        59","E","         0","E","","","","","","","","","","","","","","","","","  22.1"," ,E,0910, ","","","","","","","","","","","","","","","","","","","","","","","","","","","    485.0"," ,E","","","","","",""
"SWE00139148","1880","59.86","17.63","13.0","UPPSALA AUT, SW","","","","","       131","E","        43","E","         1","E","","","","","","","","","","","","","","","","","  34.5"," ,E,0625, ","","","","","","","","","","","","","","","","","","","","","","","","","","","    347.1"," ,E","","","","","",""
"SWE00139148","1881","59.86","17.63","13.0","UPPSALA AUT, SW","","","","","       136","E","        47","E","         0","E","","","","","","","","","","","","","","","","","  22.3"," ,E,0912, ","","","","","","","","","","","","","","","","","","","","","","","","","","","    426.0"," ,E","","","","","",""
"SWE00139148","1882","59.86","17.63","13.0","UPPSALA AUT, SW","","","","","       153","E","        66","E","         2","E","","","","","","","","","","","","","","","","","  39.2"," ,E,0710, ","","","","","","","","","","","","","","","","","","","","","","","","","","","    557.8"," ,E","","","","","",""
"SWE00139148","1883","59.86","17.63","13.0","UPPSALA AUT, SW","","","","","       155","E","        69","E","         1","E","","","","","","","","","","","","","","","","","  41.1"," ,E,0710, ","","","","","","","","","","","","","","","","","","","","","","","","","","","    618.7"," ,E","","","","","",""
"SWE00139148","1884","59.86","17.63","13.0","UPPSALA AUT, SW","      3.1","","       3.1","E","       129","E","        57","E","         1","E","","","         6","E","       175","E","        58","E","        30","E","         0","E","  -21.7","E,1201, ","","","  25.9"," ,E,0731, ","   26.2","E,0703,+","-0.6","E,1013","-2.8","E,1019","-5.3","E,1115","-10.4","E,1119","-10.4","E,1119","-0.5","E,0529","-5.0","E,0502","-5.0","E,0502","-9.7","E,0418","-9.7","E,0418","","","","","    493.8"," ,E","      4.70","E","      8.95","E","      0.44","E"
"SWE00139148","1885","59.86","17.63","13.0","UPPSALA AUT, SW","      8.6","","       8.6","E","       159","E","        68","E","         2","E","","","         4","E","       174","E","        71","E","        27","E","         0","E","  -23.6","E,0221, ","","","  28.4"," ,E,0831, ","   30.0","E,0712, ","0.0","E,0925","-4.4","E,1020","-4.4","E,1020","-7.7","E,1021","-10.6","E,1120","-3.0","E,0516","-3.0","E,0516","-5.8","E,0503","-7.0","E,0324","-9.2","E,0323","    5054.1","1","    5054.1","E","    629.7"," ,E","      4.06","E","      7.91","E","      0.22","E"
"SWE00139148","1886","59.86","17.63","13.0","UPPSALA AUT, SW","      9.5","","       9.5","E","       137","E","        51","E","         0","E","","","        16","E","       158","E","        70","E","        53","E","         0","E","  -25.6","E,1231, ","","","  20.6"," ,E,0602, ","   28.7","E,0721, ","-0.8","E,0919","-2.3","E,1005","-4.9","E,1028","-9.1","E,1203","-9.1","E,1203","-0.8","E,0605","-3.0","E,0506","-7.2","E,0502","-7.2","E,0502","-9.6","E,0430","    5160.3","3","    5160.3","E","    434.6"," ,E","      4.99","E","      9.30","E","      0.67","E"
"SWE00139148","1887","59.86","17.63","13.0","UPPSALA AUT, SW","     17.0","","      17.0","E","       133","E","        50","E","         1","E","","","         5","E","       168","E","        50","E","        41","E","         0","E","  -25.6","E,1231, ","","","  32.6"," ,E,0619, ","   28.7","E,0701, ","-0.8","E,0927","-3.4","E,1008","-7.6","E,1009","-7.6","E,1009","-11.0","E,1010","-4.0","E,0531","-4.0","E,0531","-6.4","E,0416","-9.5","E,0415","-9.5","E,0415","    4542.6","6","    4542.6","E","    447.1"," ,E","      5.12","E","      9.57","E","      0.66","E"
"SWE00139148","1888","59.86","17.63","13.0","UPPSALA AUT, SW","      3.7","","       3.7","E","       149","E","        62","E","         1","E","","","        32","E","       198","E","        96","E","        24","E","         0","E","  -32.1","E,0306, ","","","  36.4"," ,E,0721, ","   29.6","E,0627,+","-1.1","E,0910","-3.4","E,0928","-4.7","E,1019","-14.8","E,1101","-14.8","E,1101","-1.8","E,0529","-3.8","E,0429","-4.4","E,0427","-6.9","E,0426","-9.4","E,0413","    5831.8","8","    5831.8","E","    540.4"," ,E","      2.48","E","      7.07","E","     -2.11","E"
"SWE00139148","1889","59.86","17.63","13.0","UPPSALA AUT, SW","     15.9","","      15.9","E","       142","E","        61","E","         1","E","","","         6","E","       172","E","        85","E","        44","E","         0","E","  -24.4","E,0305, ","","","  30.5"," ,E,0814, ","   29.9","E,0605, ","-0.9","E,0912","-4.1","E,1025","-4.5","E,1027","-8.5","E,1128","-10.1","E,1129","-0.8","E,0517","-3.6","E,0501","-7.9","E,0418","-7.9","E,0418","-10.2","E,0323","    5022.3","3","    5022.3","E","    524.8"," ,E","      4.91","E","      9.17","E","      0.65","E"
"SWE00139148","1890","59.86","17.63","13.0","UPPSALA AUT, SW","      3.1","","       3.1","E","       164","E","        82","E","         4","E","","","         2","E","       138","E","        57","E","        42","E","         0","E","  -22.3","E,0302, ","","","  37.2"," ,E,0522, ","   26.4","E,0521, ","-0.3","E,1004","-2.9","E,1005","-5.2","E,1008","-8.7","E,1022","-9.8","E,1124","-1.0","E,0509","-3.0","E,0411","-5.4","E,0310","-9.3","E,0308","-9.3","E,0308","    4524.0","0","    4524.0","E","    760.5"," ,E","      5.62","E","      9.48","E","      1.77","E"
"SWE00139148","1891","59.86","17.63","13.0","UPPSALA AUT, SW","     26.9","","      26.9","E","       145","E","        62","E","         0","E","","","        11","E","       178","E","        62","E","        45","E","         0","E","  -25.8","E,0106, ","","","  21.5"," ,E,1022, ","   30.6","E,0625, ","-0.8","E,0923","-3.9","E,1026","-5.2","E,1029","-6.7","E,1105","-8.9","E,1124","-1.5","E,0615","-2.5","E,0607","-4.5","E,0506","-8.6","E,0407","-11.8","E,0406","    5115.1","1","    5115.1","E","    516.8"," ,E","      4.92","E","      9.28","E","      0.56","E"
"SWE00139148","1892","59.86","17.63","13.0","UPPSALA AUT, SW","      7.1","","       7.1","E","       144","E","        49","E","         0","E","","","        14","E","       171","E","        85","E","        25","E","         0","E","  -28.4","E,0218, ","","","  24.9"," ,E,0715, ","   27.6","E,0826, ","-0.8","E,1015","-3.3","E,1017","-5.9","E,1018","-11.2","E,1025","-11.2","E,1025","0.0","E,0615","-3.2","E,0512","-6.6","E,0422","-8.8","E,0419","-15.5","E,0308","    5053.4","4","    5053.4","E","    401.2"," ,E","      3.94","E","      8.25","E","     -0.37","E"
"SWE00139148","1893","59.86","17.63","13.0","UPPSALA AUT, SW","     13.0","","      13.0","E","       160","E","        52","E","         2","E","","","        20","E","       191","E","        72","E","        54","E","         0","E","  -28.8","E,0115, ","","","  46.5"," ,E,0816, ","   27.9","E,0709, ","-1.5","E,0927","-2.3","E,0929","-6.2","E,1101","-6.9","E,1106","-12.5","E,1107","-1.1","E,0531","-5.6","E,0518","-5.6","E,0518","-6.7","E,0504","-15.6","E,0320","    5368.6","6","    5368.6","E","    503.1"," ,E","      3.77","E","      8.49","E","     -0.95","E"
"SWE00139148","1894","59.86","17.63","13.0","UPPSALA AUT, SW","     15.0","","      15.0","E","       144","E","        57","E","         0","E","","","         0","E","       158","E","        37","E","        45","E","         0","E","  -16.8","E,0103, ","","","  21.4"," ,E,0711, ","   29.9","E,0707, ","-2.4","E,0920","-2.4","E,0920","-10.3","E,1019","-10.3","E,1019","-10.3","E,1019","-0.9","E,0524","-2.7","E,0423","-5.8","E,0422","-15.7","E,0219","-15.7","E,0219","    4503.3","3","    4503.3","E","    489.6"," ,E","      5.88","E","     10.16","E","      1.60","E"
"SWE00139148","1895","59.86","17.63","13.0","UPPSALA AUT, SW","","","","","       159","E","        73","E","         0","E","","","","","","","","","","","","","","","","","  25.3"," ,E,0713, ","","","","","","","","","","","","","","","","","","","","","","","    5103.3","3","    5103.3","E","    597.7"," ,E","","","","","",""
"SWE00139148","1896","59.86","17.63","13.0","UPPSALA AUT, SW","     48.6","","      48.6","E","       165","E","        68","E","         1","E","","","         1","E","       154","E","        59","E","        50","E","         1","E","  -18.5","E,0115, ","","","  43.3"," ,E,0804, ","   32.3","E,0616, ","-0.5","E,1013","-2.3","E,1014","-4.7","E,1101","-9.4","E,1104","-9.4","E,1104","-1.0","E,0519","-2.2","E,0421","-5.6","E,0405","-7.3","E,0401","-11.5","E,0331","","","","","    542.1"," ,E","      5.53","E","      9.69","E","      1.38","E"
"SWE00139148","1897","59.86","17.63","13.0","UPPSALA AUT, SW","     45.9","","      45.9","E","       153","E","        69","E","         0","E","","","        13","E","       155","E","        72","E","        65","E","         0","E","  -23.3","E,0204, ","","","  21.5"," ,E,0811, ","   29.2","E,0807, ","-1.3","E,0929","-2.2","E,0930","-5.0","E,1005","-9.9","E,1117","-9.9","E,1117","-1.7","E,0525","-3.2","E,0404","-4.6","E,0403","-14.4","E,0323","-14.4","E,0323","    4926.5","5","    4926.5","E","    539.3"," ,E","      5.37","E","      9.59","E","      1.15","E"
"SWE00139148","1898","59.86","17.63","13.0","UPPSALA AUT, SW","      1.1","","       1.1","E","       183","E","        79","E","         4","E","","","         0","E","       165","E","        45","E","        24","E","         0","E","  -17.3","E,1216, ","","","  42.5"," ,E,0731, ","   26.7","E,0712, ","-0.7","E,0928","-2.7","E,0929","-5.1","E,1014","-9.1","E,1018","-9.1","E,1018","-0.6","E,0519","-5.7","E,0501","-5.7","E,0501","-7.1","E,0415","-9.9","E,0413","    4695.0","0","    4695.0","E","    750.7"," ,E","      5.02","E","      8.91","E","      1.14","E"
"SWE00139148","1899","59.86","17.63","13.0","UPPSALA AUT, SW","     47.9","","      47.9","E","       153","E","        82","E","         0","E","","","        14","E","       172","E","        76","E","        48","E","         0","E","  -22.2","E,1216,+","","","  20.9"," ,E,0817, ","   30.6","E,0712, ","-2.6","E,1006","-2.6","E,1006","-5.2","E,1007","-9.0","E,1125","-9.0","E,1125","-1.1","E,0523","-4.1","E,0513","-4.7","E,0504","-9.2","E,0327","-9.2","E,0327","    5146.8","8","    5146.8","E","    555.6"," ,E","      4.35","E","      8.81","E","     -0.11","E"
"SWE00139148","1900","59.86","17.63","13.0","UPPSALA AUT, SW","     30.9","","      30.9","E","       161","E","        64","E","         1","E","","","        11","E","       168","E","        76","E","        58","E","         0","E","  -29.2","E,0216, ","","","  27.2"," ,E,0707, ","   31.8","E,0613, ","-1.7","E,0908","-4.2","E,0909","-9.3","E,1119","-9.3","E,1119","-9.3","E,1119","-0.3","E,0618","-2.8","E,0513","-7.3","E,0511","-7.3","E,0511","-9.2","E,0331","    5160.6","6","    5160.6","E","    491.3"," ,E","      4.33","E","      8.78","E","     -0.13","E"
"SWE00139148","1901","59.86","17.63","13.0","UPPSALA AUT, SW","    113.7","","     113.7","E","       119","E","        45","E","         1","E","","","        10","E","       176","E","        94","E","        76","E","         7","E","  -22.7","E,0214, ","","","  26.4"," ,E,1007, ","   35.3","E,0711, ","0.0","E,0911","-2.9","E,1102","-6.4","E,1109","-7.0","E,1111","-11.3","E,1112","-2.7","E,0521","-2.7","E,0521","-6.8","E,0418","-6.8","E,0418","-10.9","E,0330","    4899.8","8","    4899.8","E","    358.7"," ,E","      5.21","E","     10.13","E","      0.29","E"
"SWE00139148","1902","59.86","17.63","13.0","UPPSALA AUT, SW","      2.8","","       2.8","E","       150","E","        67","E","         0","E","","","         8","E","       203","E","        80","E","        20","E","         0","E","  -24.4","E,1231, ","","","  20.9"," ,E,0829, ","   28.2","E,0628, ","-2.8","E,0920","-2.8","E,0920","-5.3","E,1002","-7.1","E,1119","-10.2","E,1124","-1.5","E,0523","-3.0","E,0513","-4.8","E,0430","-7.6","E,0428","-11.5","E,0413","    5106.9","9","    5106.9","E","    523.0"," ,E","      2.84","E","      7.15","E","     -1.47","E"
"SWE00139148","1903","59.86","17.63","13.0","UPPSALA AUT, SW","      2.9","","       2.9","E","       150","E","        67","E","         2","E","","","         6","E","       145","E","        52","E","        38","E","         0","E","  -25.2","E,0112, ","","","  57.5"," ,E,0816, ","   28.1","E,0726, ","-1.0","E,1004","-2.6","E,1005","-5.3","E,1009","-7.3","E,1118","-13.5","E,1125","-2.6","E,0511","-2.6","E,0511","-5.9","E,0408","-11.9","E,0218","-11.9","E,0218","    5116.1","1","    5116.1","E","    665.6"," ,E","      5.25","E","      9.14","E","      1.36","E"
"SWE00139148","1904","59.86","17.63","13.0","UPPSALA AUT, SW","     21.3","","      21.3","E","       155","E","        77","E","         0","E","","","         5","E","       173","E","        69","E","        35","E","         0","E","  -21.7","E,1130, ","","","  24.2"," ,E,0819, ","   30.2","E,0801, ","-1.3","E,0915","-2.5","E,1008","-4.4","E,1105","-7.3","E,1108","-10.5","E,1110","-0.8","E,0525","-2.8","E,0506","-4.8","E,0415","-6.8","E,0329","-10.0","E,0328","    5046.0","0","    5046.0","E","    518.2"," ,E","      4.29","E","      8.47","E","      0.10","E"
"SWE00139148","1905","59.86","17.63","13.0","UPPSALA AUT, SW","     28.8","","      28.8","E","       158","E","        73","E","         0","E","","","         1","E","       166","E","        48","E","        53","E","         0","E","  -18.5","E,1231, ","","","  20.4"," ,E,1001, ","   31.3","E,0625, ","-1.3","E,0921","-3.6","E,1016","-7.1","E,1017","-7.1","E,1017","-10.0","E,1117","-3.4","E,0521","-3.4","E,0521","-4.6","E,0416","-6.9","E,0408","-10.7","E,0224","    4906.1","1","    4906.1","E","    510.8"," ,E","      5.29","E","      9.20","E","      1.37","E"
"SWE00139148","1906","59.86","17.63","13.0","UPPSALA AUT, SW","     33.7","","      33.7","E","       172","E","        65","E","         0","E","","","         1","E","       149","E","        53","E","        47","E","         0","E","  -18.8","E,1213, ","","","  22.8"," ,E,0805, ","   31.3","E,0731, ","-0.6","E,0912","-2.4","E,0923","-5.3","E,1026","-9.7","E,1201","-9.7","E,1201","0.0","E,0523","-3.1","E,0421","-8.3","E,0331","-8.3","E,0331","-10.8","E,0330","    4728.0","0","    4728.0","E","    493.2"," ,E","      5.59","E","      9.87","E","      1.31","E"
"SWE00139148","1907","59.86","17.63","13.0","UPPSALA AUT, SW","      1.2","","       1.2","E","       175","E","        66","E","         1","E","","","         7","E","       164","E","        67","E","        22","E","         0","E","  -21.7","E,1220, ","","","  27.2"," ,E,0806, ","   28.8","E,0715, ","-1.4","E,0916","-2.6","E,1102","-5.8","E,1129","-6.7","E,1212","-11.2","E,1217","-1.4","E,0602","-2.8","E,0518","-5.0","E,0419","-7.8","E,0415","-9.2","E,0314","    4940.9","9","    4940.9","E","    545.8"," ,E","      4.68","E","      8.47","E","      0.88","E"
"SWE00139148","1908","59.86","17.63","13.0","UPPSALA AUT, SW","     17.3","","      17.3","E","       147","E","        63","E","         0","E","","","        10","E","       170","E","        52","E","        51","E","         0","E","  -23.3","E,1229, ","","","  25.3"," ,E,0813, ","   30.8","E,0719, ","-0.4","E,0918","-8.4","E,1104","-8.4","E,1104","-8.4","E,1104","-9.1","E,1106","-0.6","E,0607","-2.9","E,0511","-5.4","E,0504","-7.1","E,0327","-9.9","E,0326","    4965.1","1","    4965.1","E","    492.9"," ,E","      4.80","E","      9.28","E","      0.32","E"
"SWE00139148","1909","59.86","17.63","13.0","UPPSALA AUT, SW","      7.5","","       7.5","E","       174","E","        79","E","         0","E","","","         3","E","       183","E","        85","E","        36","E","         0","E","  -20.4","E,1128, ","","","  16.8"," ,E,1017, ","   28.5","E,0627, ","-1.7","E,0915","-2.2","E,1001","-4.8","E,1002","-13.2","E,1114","-13.2","E,1114","-1.8","E,0527","-2.8","E,0512","-5.5","E,0423","-9.2","E,0422","-9.2","E,0422","    5115.2","2","    5115.2","E","    570.9"," ,E","      4.18","E","      8.21","E","      0.16","E"
"SWE00139148","1910","59.86","17.63","13.0","UPPSALA AUT, SW","     19.4","","      19.4","E","       170","E","        78","E","         1","E","","","         2","E","       144","E","        41","E","        40","E","         0","E","  -18.2","E,0127, ","","","  35.6"," ,E,0509, ","   28.5","E,0615, ","-1.8","E,0921","-2.2","E,0926","-4.5","E,1030","-6.8","E,1031","-11.6","E,1107","-0.3","E,0620","-3.1","E,0502","-10.1","E,0411","-10.1","E,0411","-10.1","E,0411","    4548.6","6","    4548.6","E","    659.9"," ,E","      5.81","E","      9.97","E","      1.65","E"
"SWE00139148","1911","59.86","17.63","13.0","UPPSALA AUT, SW","     66.6","","      66.6","E","       140","E","        61","E","         1","E","","","         0","E","       161","E","        41","E","        60","E","         6","E","  -16.2","E,0206, ","","","  27.9"," ,E,0909, ","   32.9","E,0803,+","-1.7","E,0917","-2.7","E,1006","-5.2","E,1027","-8.9","E,1029","-8.9","E,1029","-1.6","E,0610","-2.4","E,0522","-9.4","E,0406","-9.4","E,0406","-9.4","E,0406","    4724.8","8","    4724.8","E","    543.0"," ,E","      5.96","E","     10.43","E","      1.50","E"
"SWE00139148","1912","59.86","17.63","13.0","UPPSALA AUT, SW","     44.5","","      44.5","E","       154","E","        74","E","         3","E","","","        10","E","       163","E","        64","E","        51","E","         0","E","  -24.7","E,0127, ","","","  31.9"," ,E,0614, ","   29.1","E,0715, ","-1.1","E,0920","-2.5","E,0924","-4.8","E,0925","-8.4","E,1104","-11.0","E,1105","-0.9","E,0519","-3.1","E,0508","-7.0","E,0430","-7.0","E,0430","-13.6","E,0412","    4847.1","1","    4847.1","E","    609.2"," ,E","      4.95","E","      9.00","E","      0.89","E"
"SWE00139148","1913","59.86","17.63","13.0","UPPSALA AUT, SW","      8.0","","       8.0","E","       137","E","        60","E","         2","E","","","         1","E","       154","E","        52","E","        45","E","         0","E","  -18.7","E,0122, ","","","  33.4"," ,E,0818, ","   27.1","E,0713, ","-0.1","E,0923","-3.0","E,1005","-4.7","E,1013","-7.0","E,1206","-10.7","E,1216","-0.1","E,0513","-2.3","E,0509","-9.2","E,0414","-9.2","E,0414","-9.2","E,0414","    4538.2","2","    4538.2","E","    532.2"," ,E","      6.01","E","     10.22","E","      1.79","E"
"SWE00139148","1914","59.86","17.63","13.0","UPPSALA AUT, SW","    114.4","","     114.4","E","       136","E","        50","E","         1","E","","","         5","E","       126","E","        43","E","        70","E","         2","E","  -22.5","E,0113, ","","","  42.5"," ,E,0624, ","   33.0","E,0717, ","-2.1","E,1003","-2.6","E,1004","-5.7","E,1114","-10.2","E,1115","-10.2","E,1115","0.0","E,0607","-3.2","E,0502","-5.3","E,0330","-7.1","E,0329","-10.2","E,0314","    4507.5","5","    4507.5","E","    406.2"," ,E","      6.62","E","     10.98","E","      2.27","E"
"SWE00139148","1915","59.86","17.63","13.0","UPPSALA AUT, SW","      4.5","","       4.5","E","       161","E","        71","E","         3","E","","","        14","E","       192","E","        91","E","        37","E","         0","E","  -24.4","E,1222, ","","","  33.2"," ,E,0926, ","   27.6","E,0610, ","-0.6","E,0921","-3.4","E,1008","-9.9","E,1028","-9.9","E,1028","-9.9","E,1028","-0.9","E,0601","-2.7","E,0531","-6.7","E,0403","-6.7","E,0403","-10.8","E,0401","    4805.1","1","    4805.1","E","    599.4"," ,E","      3.48","E","      7.64","E","     -0.68","E"
"SWE00139148","1916","59.86","17.63","13.0","UPPSALA AUT, SW","      8.4","","       8.4","E","       179","E","        80","E","         0","E","","","        13","E","       157","E","        57","E","        36","E","         0","E","  -22.8","E,0117, ","","","  21.4"," ,E,0609, ","   30.1","E,0727, ","-0.5","E,0915","-2.6","E,0916","-4.7","E,1003","-8.6","E,1116","-13.9","E,1225","-2.8","E,0523","-2.8","E,0523","-6.1","E,0408","-8.2","E,0407","-12.6","E,0326","    5304.5","5","    5304.5","E","    639.8"," ,E","      4.95","E","      8.80","E","      1.09","E"
"SWE00139148","1917","59.86","17.63","13.0","UPPSALA AUT, SW","     59.2","","      59.2","E","       133","E","        58","E","         1","E","","","        25","E","       181","E","        93","E","        70","E","         2","E","  -26.4","E,0202, ","","","  28.4"," ,E,0720, ","   33.4","E,0621, ","-0.9","E,0930","-2.4","E,1008","-5.1","E,1029","-8.7","E,1126","-12.1","E,1204","-6.0","E,0521","-6.0","E,0521","-6.0","E,0521","-11.1","E,0406","-11.1","E,0406","    5266.1","1","    5266.1","E","    454.1"," ,E","      4.27","E","      8.96","E","     -0.42","E"
"SWE00139148","1918","59.86","17.63","13.0","UPPSALA AUT, SW","     10.6","","      10.6","E","       154","E","        70","E","         0","E","","","        11","E","       164","E","        50","E","        49","E","         0","E","  -25.2","E,0114,+","","","  20.0"," ,E,0909, ","   29.7","E,0704, ","0.0","E,0930","-2.7","E,1021","-5.8","E,1119","-10.8","E,1120","-10.8","E,1120","-0.4","E,0603","-3.0","E,0509","-4.9","E,0504","-8.2","E,0501","-14.5","E,0327","    4779.0","0","    4779.0","E","    565.9"," ,E","      5.24","E","      9.61","E","      0.88","E"
"SWE00139148","1919","59.86","17.63","13.0","UPPSALA AUT, SW","     18.8","","      18.8","E","       157","E","        75","E","         0","E","","","         9","E","       163","E","        82","E","        45","E","         0","E","  -24.2","E,1225, ","","","  23.2"," ,E,0621, ","   30.1","E,0711, ","-0.8","E,0929","-3.6","E,1013","-4.5","E,1106","-8.7","E,1107","-12.2","E,1108","-3.2","E,0518","-3.2","E,0518","-5.6","E,0406","-9.1","E,0403","-9.1","E,0403","    4791.6","6","    4791.6","E","    556.7"," ,E","      4.39","E","      8.46","E","      0.32","E"
"SWE00139148","1920","59.86","17.63","13.0","UPPSALA AUT, SW","      9.9","","       9.9","E","       136","E","        63","E","         0","E","","","         0","E","       147","E","        40","E","        43","E","         0","E","  -16.1","E,0112,+","","","  14.5"," ,E,0624, ","   28.9","E,0710, ","-1.7","E,1002","-3.9","E,1004","-4.7","E,1019","-6.7","E,1103","-15.0","E,1228","-0.7","E,0609","-2.2","E,0407","-5.4","E,0310","-8.9","E,0222","-8.9","E,0222","    4667.6","6","    4667.6","E","    447.7"," ,E","      6.31","E","     10.35","E","      2.28","E"
"SWE00139148","1921","59.86","17.63","13.0","UPPSALA AUT, SW","      7.0","","       7.0","E","       132","E","        61","E","         2","E","","","         1","E","       153","E","        49","E","        57","E","         0","E","  -17.9","E,0128, ","","","  30.0"," ,E,0618, ","   29.2","E,0803, ","0.0","E,0930","-4.9","E,1023","-4.9","E,1023","-7.1","E,1025","-11.3","E,1106","-2.4","E,0505","-2.4","E,0505","-10.5","E,0308","-10.5","E,0308","-10.5","E,0308","    4336.2","2","    4336.2","E","    534.6"," ,E","      5.94","E","     10.56","E","      1.31","E"
"SWE00139148","1922","59.86","17.63","13.0","UPPSALA AUT, SW","","","","","       168","E","        67","E","         1","E","","","","","","","","","","","","","","","","","  25.4"," ,E,0717, ","","","","","","","","","","","","","","","","","","","","","","","","","","","    533.1"," ,E","","","","","",""
"SWE00139148","1923","59.86","17.63","13.0","UPPSALA AUT, SW","","","","","       177","E","        79","E","         1","E","","","","","","","","","","","","","","","","","  42.1"," ,E,0816, ","","","","","","","","","","","","","","","","","","","","","","","","","","","    641.9"," ,E","","","","","",""
"SWE00139148","1924","59.86","17.63","13.0","UPPSALA AUT, SW","","","","","       147","E","        68","E","         1","E","","","","","","","","","","","","","","","","","  42.0"," ,E,0910, ","","","","","","","","","","","","","","","","","","","","","","","","","","","    579.4"," ,E","","","","","",""
"SWE00139148","1925","59.86","17.63","13.0","UPPSALA AUT, SW","","","","","       134","E","        61","E","         0","E","","","","","","","","","","","","","","","","","  21.9"," ,E,0709, ","","","","","","","","","","","","","","","","","","","","","","","","","","","    517.7"," ,E","","","","","",""
"SWE00139148","1926","59.86","17.63","13.0","UPPSALA AUT, SW","","","","","       139","E","        61","E","         1","E","","","","","","","","","","","","","","","","","  25.5"," ,E,0821, ","","","","","","","","","","","","","","","","","","","","","","","","","","","    481.1"," ,E","","","","","",""
"SWE00139148","1927","59.86","17.63","13.0","UPPSALA AUT, SW","","","","","       166","E","        77","E","         2","E","","","","","","","","","","","","","","","","","  35.0"," ,E,0820, ","","","","","","","","","","","","","","","","","","","","","","","","","","","    686.7"," ,E","","","","","",""
"SWE00139148","1928","59.86","17.63","13.0","UPPSALA AUT, SW","","","","","       143","E","        64","E","         0","E","","","","","","","","","","","","","","","","","  24.0"," ,E,0808, ","","","","","","","","","","","","","","","","","","","","","","","","","","","    514.0"," ,E","","","","","",""
"SWE00139148","1929","59.86","17.63","13.0","UPPSALA AUT, SW","","","","","       153","E","        68","E","         1","E","","","","","","","","","","","","","","","","","  28.5"," ,E,0708, ","","","","","","","","","","","","","","","","","","","","","","","","","","","    546.6"," ,E","","","","","",""
"SWE00139148","1930","59.86","17.63","13.0","UPPSALA AUT, SW","","","","","       145","E","        68","E","         3","E","","","","","","","","","","","","","","","","","  43.5"," ,E,0808, ","","","","","","","","","","","","","","","","","","","","","","","","","","","    646.3"," ,E","","","","","",""
"SWE00139148","1931","59.86","17.63","13.0","UPPSALA AUT, SW","     26.8","","      26.8","E","       154","E","        55","E","         0","E","","","         8","E","       161","E","        83","E","        34","E","         0","E","  -20.8","E,0309, ","","","  23.5"," ,E,0823, ","   31.2","E,0804, ","0.0","E,0910","-2.4","E,0922","-9.3","E,1024","-9.3","E,1024","-9.3","E,1024","-0.7","E,0511","-2.2","E,0419","-6.3","E,0412","-7.8","E,0409","-12.6","E,0331","","","","","    539.0"," ,E","      4.49","E","      8.49","E","      0.48","E"
"SWE00139148","1932","59.86","17.63","13.0","UPPSALA AUT, SW","     32.8","","      32.8","E","       136","E","        63","E","         2","E","","","         2","E","       153","E","        31","E","        57","E","         0","E","  -21.0","E,0311, ","","","  41.2"," ,E,0718, ","   28.7","E,0711, ","-0.4","E,0921","-3.5","E,1006","-5.3","E,1020","-8.6","E,1213","","","-0.8","E,0513","-5.4","E,0420","-5.4","E,0420","-7.5","E,0322","-11.6","E,0321","    4766.9","9","    4766.9","E","    573.6"," ,E","      5.97","E","     10.18","E","      1.77","E"
"SWE00139148","1933","59.86","17.63","13.0","UPPSALA AUT, SW","     44.5","","      44.5","E","       127","E","        53","E","         1","E","","","         6","E","       156","E","        77","E","        64","E","         3","E","  -22.3","E,0123, ","","","  34.8"," ,E,0724, ","   37.4","E,0709, ","-0.6","E,0919","-6.5","E,1112","-6.5","E,1112","-7.0","E,1117","-9.3","E,1118","-0.1","E,0603","-3.2","E,0505","-7.4","E,0422","-7.4","E,0422","-12.1","E,0323","    4509.2","2","    4509.2","E","    444.0"," ,E","      5.54","E","      9.88","E","      1.18","E"
"SWE00139148","1934","59.86","17.63","13.0","UPPSALA AUT, SW","     26.5","","      26.5","E","       165","E","        77","E","         1","E","","","         0","E","       117","E","        23","E","        66","E","         0","E","  -12.9","E,0209, ","","","  27.0"," ,E,1031, ","   30.8","E,0717, ","-0.6","E,1014","-3.1","E,1018","-5.8","E,1119","-10.5","E,1226","-10.5","E,1226","-0.5","E,0529","-4.8","E,0413","-4.8","E,0413","-9.5","E,0411","-9.5","E,0411","    4377.5","5","    4377.5","E","    690.6"," ,E","      7.43","E","     11.39","E","      3.47","E"
"SWE00139148","1935","59.86","17.63","13.0","UPPSALA AUT, SW","     46.3","","      46.3","E","       172","E","        88","E","         2","E","","","         0","E","       146","E","        48","E","        49","E","         1","E","  -16.4","E,0129, ","","","  37.0"," ,E,0906, ","   32.2","E,0625, ","-0.9","E,0928","-3.3","E,1023","-6.1","E,1024","-7.2","E,1210","-8.9","E,1211","-0.3","E,0601","-2.3","E,0515","-5.7","E,0514","-7.4","E,0501","-9.6","E,0305","    4303.8","8","    4303.8","E","    668.5"," ,E","      6.00","E","      9.98","E","      2.02","E"
"SWE00139148","1936","59.86","17.63","13.0","UPPSALA AUT, SW","     67.5","","      67.5","E","       156","E","        81","E","         2","E","","","         2","E","       155","E","        48","E","        73","E","         0","E","  -19.2","E,0215, ","","","  52.0"," ,E,0822, ","   31.9","E,0623, ","0.0","E,0910","-2.7","E,0925","-4.6","E,1019","-7.0","E,1204","","","-0.6","E,0525","-5.3","E,0415","-5.3","E,0415","-8.4","E,0304","-10.6","E,0227","    4529.9","9","    4529.9","E","    685.8"," ,E","      6.22","E","     10.28","E","      2.16","E"
"SWE00139148","1937","59.86","17.63","13.0","UPPSALA AUT, SW","     45.5","","      45.5","E","       149","E","        79","E","         1","E","","","         8","E","       143","E","        75","E","        83","E","         0","E","  -22.0","E,1212, ","","","  43.0"," ,E,0913, ","   28.5","E,0705,+","-0.3","E,1011","-2.2","E,1013","-5.1","E,1113","-7.7","E,1114","-11.1","E,1115","0.0","E,0429","-2.3","E,0407","-10.7","E,0402","-10.7","E,0402","-10.7","E,0402","    4364.8","8","    4364.8","E","    541.7"," ,E","      6.43","E","     10.59","E","      2.27","E"
"SWE00139148","1938","59.86","17.63","13.0","UPPSALA AUT, SW","     63.3","","      63.3","E","       146","E","        77","E","         1","E","","","         5","E","       129","E","        30","E","        58","E","         0","E","  -24.3","E,0108, ","","","  36.0"," ,E,0813, ","   31.4","E,0810, ","-0.7","E,0915","-3.3","E,1022","-5.1","E,1110","-8.9","E,1217","-8.9","E,1217","-2.6","E,0522","-2.6","E,0522","-6.9","E,0420","-6.9","E,0420","-10.4","E,0215","    4198.8","8","    4198.8","E","    630.9"," ,E","      7.38","E","     11.45","E","      3.30","E"
"SWE00139148","1939","59.86","17.63","13.0","UPPSALA AUT, SW","     65.1","","      65.1","E","       139","E","        70","E","         2","E","","","         2","E","       159","E","        44","E","        69","E","         0","E","  -20.3","E,1227,+","","","  42.9"," ,E,0831, ","   31.8","E,0621, ","0.0","E,0924","-2.3","E,0927","-5.0","E,1026","-7.9","E,1120","-10.0","E,1121","-1.3","E,0515","-4.3","E,0506","-6.1","E,0504","-9.1","E,0322","-9.1","E,0322","    4123.9","9","    4123.9","E","    559.3"," ,E","      6.31","E","     10.38","E","      2.23","E"
"SWE00139148","1940","59.86","17.63","13.0","UPPSALA AUT, SW","     34.5","","      34.5","E","       136","E","        54","E","         1","E","","","        26","E","       181","E","        94","E","        63","E","         0","E","  -26.9","E,0220, ","","","  28.7"," ,E,1007, ","   29.3","E,0712, ","-0.2","E,0929","-2.7","E,1023","-4.5","E,1027","-7.2","E,1106","-9.5","E,1110","-0.5","E,0528","-2.3","E,0501","-5.1","E,0430","-8.1","E,0404","-9.5","E,0330","    5232.8","8","    5232.8","E","    474.0"," ,E","      3.85","E","      8.53","E","     -0.83","E"
"SWE00139148","1941","59.86","17.63","13.0","UPPSALA AUT, SW","     89.7","","      89.7","E","       116","E","        55","E","         1","E","","","        22","E","       206","E","        89","E","        62","E","         3","E","  -25.0","E,0126, ","","","  30.0"," ,E,0821, ","   33.2","E,0711, ","-1.3","E,1004","-3.3","E,1010","-7.2","E,1027","-7.2","E,1027","-10.1","E,1102","-3.2","E,0608","-3.2","E,0608","-6.6","E,0510","-8.1","E,0407","-10.0","E,0406","    5375.9","9","    5375.9","E","    502.1"," ,E","      3.67","E","      8.41","E","     -1.07","E"
"SWE00139148","1942","59.86","17.63","13.0","UPPSALA AUT, SW","     17.4","","      17.4","E","       137","E","        55","E","         0","E","","","        37","E","       154","E","        90","E","        49","E","         0","E","  -30.3","E,0125, ","","","  24.7"," ,E,0708, ","   28.4","E,0706, ","-0.3","E,0831","-2.2","E,1013","-5.1","E,1122","-10.1","E,1123","-10.1","E,1123","-0.4","E,0515","-3.1","E,0514","-9.3","E,0405","-9.3","E,0405","-9.3","E,0405","    5618.8","8","    5618.8","E","    486.6"," ,E","      3.49","E","      8.03","E","     -1.04","E"
"SWE00139148","1943","59.86","17.63","13.0","UPPSALA AUT, SW","     37.1","","      37.1","E","       132","E","        68","E","         1","E","","","         3","E","       132","E","        34","E","        53","E","         0","E","  -23.2","E,0110, ","","","  45.0"," ,E,0812, ","   30.0","E,0801, ","-1.8","E,0923","-4.3","E,1108","-7.2","E,1109","-7.2","E,1109","-10.4","E,1118","-1.3","E,0520","-4.6","E,0502","-4.6","E,0502","-7.1","E,0322","-9.2","E,0208","    4172.2","2","    4172.2","E","    562.8"," ,E","      7.17","E","     11.47","E","      2.87","E"
"SWE00139148","1944","59.86","17.63","13.0","UPPSALA AUT, SW","","","","","       161","E","        76","E","         1","E","","","","","","","","","","","","","","","","","  28.2"," ,E,0909, ","","","","","","","","","","","","","","","","","","","","","","","    4611.8","8","    4611.8","E","    650.1"," ,E","","","","","",""
"SWE00139148","1945","59.86","17.63","13.0","UPPSALA AUT, SW","","","","","       157","E","        71","E","         1","E","","","","","","","","","","","","","","","","","  25.6"," ,E,0817, ","","","","","","","","","","","","","","","","","","","","","","","","","","","    603.4"," ,E","","","","","",""
"SWE00139148","1946","59.86","17.63","13.0","UPPSALA AUT, SW","","","","","       151","E","        72","E","         1","E","","","","","","","","","","","","","","","","","  27.5"," ,E,0614, ","","","","","","","","","","","","","","","","","","","","","","","","","","","    485.5"," ,E","","","","","",""
"SWE00139148","1947","59.86","17.63","13.0","UPPSALA AUT, SW","","","","","       111","E","        42","E","         3","E","","","","","","","","","","","","","","","","","  37.2"," ,E,0701, ","","","","","","","","","","","","","","","","","","","","","","","","","","","    382.0"," ,E","","","","","",""
"SWE00139148","1948","59.86","17.63","13.0","UPPSALA AUT, SW","","","","","       145","E","        58","E","         1","E","","","","","","","","","","","","","","","","","  31.8"," ,E,0802, ","","","","","","","","","","","","","","","","","","","","","","","","","","","    525.4"," ,E","","","","","",""
"SWE00139148","1949","59.86","17.63","13.0","UPPSALA AUT, SW","","","","","       149","E","        62","E","         3","E","","","","","","","","","","","","","","","","","  34.9"," ,E,1026, ","","","","","","","","","","","","","","","","","","","","","","","","","","","    597.7"," ,E","","","","","",""
"SWE00139148","1950","59.86","17.63","13.0","UPPSALA AUT, SW","","","","","       163","E","        72","E","         1","E","","","","","","","","","","","","","","","","","  36.0"," ,E,0603, ","","","","","","","","","","","","","","","","","","","","","","","","","","","    588.3"," ,E","","","","","",""
"SWE00139148","1951","59.86","17.63","13.0","UPPSALA AUT, SW","","","","","       138","E","        59","E","         2","E","","","","","","","","","","","","","","","","","  30.8"," ,E,0626, ","","","","","","","","","","","","","","","","","","","","","","","","","","","    468.0"," ,E","","","","","",""
"SWE00139148","1952","59.86","17.63","13.0","UPPSALA AUT, SW","","","","","       159","E","        61","E","         2","E","","","","","","","","","","","","","","","","","  38.5"," ,E,0810, ","","","","","","","","","","","","","","","","","","","","","","","","","","","    546.8"," ,E","","","","","",""
"SWE00139148","1953","59.86","17.63","13.0","UPPSALA AUT, SW","","","","","       133","E","        57","E","         1","E","","","","","","","","","","","","","","","","","  28.0"," ,E,0705, ","","","","","","","","","","","","","","","","","","","","","","","","","","","    453.1"," ,E","","","","","",""
"SWE00139148","1954","59.86","17.63","13.0","UPPSALA AUT, SW","","","","","       162","E","        83","E","         1","E","","","","","","","","","","","","","","","","","  34.2"," ,E,0713, ","","","","","","","","","","","","","","","","","","","","","","","","","","","    686.6"," ,E","","","","","",""
"SWE00139148","1955","59.86","17.63","13.0","UPPSALA AUT, SW","","","","","       137","E","        60","E","         0","E","","","","","","","","","","","","","","","","","  22.2"," ,E,1203, ","","","","","","","","","","","","","","","","","","","","","","","","","","","    447.0"," ,E","","","","","",""
"SWE00139148","1956","59.86","17.63","13.0","UPPSALA AUT, SW","","","","","       144","E","        54","E","         0","E","","","","","","","","","","","","","","","","","  24.5"," ,E,0615, ","","","","","","","","","","","","","","","","","","","","","","","","","","","    493.8"," ,E","","","","","",""
"SWE00139148","1957","59.86","17.63","13.0","UPPSALA AUT, SW","","","","","       163","E","        75","E","         2","E","","","","","","","","","","","","","","","","","  42.4"," ,E,0924, ","","","","","","","","","","","","","","","","","","","","","","","","","","","    649.4"," ,E","","","","","",""
"SWE00139148","1958","59.86","17.63","13.0","UPPSALA AUT, SW","","","","","       156","E","        60","E","         0","E","","","","","","","","","","","","","","","","","  24.9"," ,E,0705, ","","","","","","","","","","","","","","","","","","","","","","","","","","","    577.0"," ,E","","","","","",""
"SWE00139148","1959","59.86","17.63","13.0","UPPSALA AUT, SW","     67.7","","      67.7","E","       114","E","        59","E","         0","E","","","         3","E","       126","E","        41","E","        67","E","         0","E","  -23.0","E,0115, ","","","  22.3"," ,E,0306, ","   31.1","E,0822, ","-1.0","E,0926","-3.9","E,0929","-4.6","E,1023","-10.8","E,1118","-10.8","E,1118","-0.4","E,0525","-2.4","E,0519","-4.8","E,0321","-8.9","E,0223","-8.9","E,0223","","","","","    430.1"," ,E","      6.65","E","     11.10","E","      2.20","E"
"SWE00139148","1960","59.86","17.63","13.0","UPPSALA AUT, SW","     11.9","","      11.9","E","       168","E","        87","E","         3","E","","","         6","E","       135","E","        57","E","        33","E","         0","E","  -20.2","E,0214, ","","","  42.4"," ,E,0727, ","   27.2","E,0624, ","-1.0","E,0930","-3.4","E,1029","-4.5","E,1031","-7.0","E,1101","-9.8","E,1223","-1.2","E,0504","-2.9","E,0410","-4.7","E,0406","-7.8","E,0405","-9.9","E,0311","    4424.8","8","    4424.8","E","    717.9"," ,E","      5.73","E","      9.38","E","      2.09","E"
"SWE00139148","1961","59.86","17.63","13.0","UPPSALA AUT, SW","     10.6","","      10.6","E","       148","E","        71","E","         1","E","","","         2","E","       127","E","        40","E","        31","E","         0","E","  -19.9","E,1227, ","","","  32.1"," ,E,0721, ","   27.8","E,0606,+","-2.0","E,1105","-2.8","E,1106","-6.0","E,1120","-7.3","E,1128","-9.1","E,1205","-0.2","E,0503","-2.8","E,0501","-4.5","E,0429","-7.1","E,0402","-9.0","E,0331","    4246.2","2","    4246.2","E","    625.2"," ,E","      6.58","E","     10.54","E","      2.63","E"
"SWE00139148","1962","59.86","17.63","13.0","UPPSALA AUT, SW","      0.0","","       0.0","E","       152","E","        69","E","         0","E","","","         4","E","       145","E","        62","E","        18","E","         0","E","  -20.1","E,0130, ","","","  19.3"," ,E,0705, ","   24.7","E,0619, ","-1.9","E,1015","-3.3","E,1016","-6.5","E,1117","-9.8","E,1118","-9.8","E,1118","-0.5","E,0505","-2.7","E,0416","-11.6","E,0330","-11.6","E,0330","-11.6","E,0330","    4699.1","1","    4699.1","E","    502.0"," ,E","      4.82","E","      8.59","E","      1.05","E"
"SWE00139148","1963","59.86","17.63","13.0","UPPSALA AUT, SW","     16.3","","      16.3","E","       127","E","        50","E","         0","E","","","        10","E","       150","E","        79","E","        49","E","         0","E","  -26.0","E,0219, ","","","  19.1"," ,E,1013, ","   28.6","E,0704, ","-0.7","E,0920","-2.3","E,1030","-4.8","E,1111","-7.0","E,1118","-9.9","E,1124","-0.4","E,0427","-2.5","E,0426","-6.9","E,0406","-6.9","E,0406","-11.7","E,0401","    5090.7","7","    5090.7","E","    435.8"," ,E","      5.04","E","      9.21","E","      0.87","E"
"SWE00139148","1964","59.86","17.63","13.0","UPPSALA AUT, SW","      7.9","","       7.9","E","       121","E","        52","E","         0","E","","","         1","E","       153","E","        45","E","        40","E","         0","E","  -20.8","E,0214, ","","","  19.4"," ,E,1213, ","   26.4","E,0718, ","-1.1","E,0911","-3.5","E,1105","-6.1","E,1106","-6.9","E,1206","-10.9","E,1226","-0.8","E,0426","-3.4","E,0425","-4.4","E,0407","-6.7","E,0329","-9.8","E,0324","    4450.1","1","    4450.1","E","    429.4"," ,E","      5.88","E","      9.82","E","      1.93","E"
"SWE00139148","1965","59.86","17.63","13.0","UPPSALA AUT, SW","      0.5","","       0.5","E","       162","E","        58","E","         1","E","","","         9","E","       164","E","        73","E","        23","E","         0","E","  -20.8","E,0111, ","","","  35.2"," ,E,0929, ","   25.1","E,0721, ","-0.4","E,1002","-3.3","E,1012","-4.9","E,1111","-8.5","E,1112","-10.5","E,1113","-1.1","E,0530","-2.7","E,0522","-7.6","E,0409","-7.6","E,0409","-10.1","E,0326","    4665.0","0","    4665.0","E","    546.1"," ,E","      4.85","E","      8.86","E","      0.84","E"
"SWE00139148","1966","59.86","17.63","13.0","UPPSALA AUT, SW","     40.5","","      40.5","E","       160","E","        61","E","         1","E","","","        22","E","       163","E","        73","E","        48","E","         0","E","  -28.2","E,0213, ","","","  32.1"," ,E,0803, ","   29.1","E,0722, ","0.0","E,0919","-2.2","E,0929","-4.9","E,1026","-8.2","E,1029","-9.5","E,1216","-0.5","E,0511","-4.8","E,0423","-4.8","E,0423","-7.9","E,0419","-11.4","E,0418","    5298.6","6","    5298.6","E","    548.7"," ,E","      4.66","E","      8.60","E","      0.72","E"
"SWE00139148","1967","59.86","17.63","13.0","UPPSALA AUT, SW","     19.0","","      19.0","E","       161","E","        75","E","         3","E","","","         8","E","       130","E","        53","E","        46","E","         0","E","  -21.3","E,0130, ","","","  28.8"," ,E,0909, ","   28.5","E,0803, ","-0.3","E,1017","-2.9","E,1114","-5.2","E,1206","-12.1","E,1208","-12.1","E,1208","-0.8","E,0504","-3.0","E,0503","-4.9","E,0425","-8.2","E,0215","-10.2","E,0214","    4506.7","7","    4506.7","E","    650.0"," ,E","      6.07","E","      9.82","E","      2.32","E"
"SWE00139148","1968","59.86","17.63","13.0","UPPSALA AUT, SW","     42.6","","      42.6","E","       145","E","        61","E","         1","E","","","        12","E","       169","E","        72","E","        56","E","         0","E","  -23.3","E,0109, ","","","  38.4"," ,E,0707, ","   30.6","E,0618, ","-0.9","E,0919","-2.8","E,0927","-6.5","E,1025","-9.8","E,1105","-9.8","E,1105","-1.2","E,0521","-2.9","E,0417","-5.5","E,0410","-6.8","E,0408","-11.9","E,0316","    4632.1","1","    4632.1","E","    584.1"," ,E","      5.24","E","      9.33","E","      1.14","E"
"SWE00139148","1969","59.86","17.63","13.0","UPPSALA AUT, SW","     63.4","","      63.4","E","       129","E","        54","E","         0","E","","","        14","E","       156","E","        93","E","        70","E","         0","E","  -23.7","E,1207, ","","","  24.5"," ,E,0724, ","   30.8","E,0801, ","-0.4","E,1003","-2.4","E,1103","-6.6","E,1106","-11.0","E,1124","-11.0","E,1124","0.0","E,0507","-3.8","E,0418","-4.9","E,0403","-10.5","E,0327","-10.5","E,0327","    4961.2","2","    4961.2","E","    465.8"," ,E","      5.15","E","      9.40","E","      0.91","E"
"SWE00139148","1970","59.86","17.63","13.0","UPPSALA AUT, SW","     17.0","","      17.0","E","       132","E","        60","E","         0","E","","","        16","E","       165","E","        83","E","        52","E","         0","E","  -29.8","E,0218, ","","","  16.7"," ,E,0913, ","   31.0","E,0620, ","-1.5","E,0927","-3.6","E,0928","-9.0","E,1103","-9.0","E,1103","-9.0","E,1103","0.0","E,0509","-4.2","E,0415","-7.3","E,0413","-7.3","E,0413","-11.1","E,0314","    5034.7","7","    5034.7","E","    462.0"," ,E","      4.47","E","      8.34","E","      0.60","E"
"SWE00139148","1971","59.86","17.63","13.0","UPPSALA AUT, SW","     31.1","","      31.1","E","       128","E","        56","E","         0","E","","","         3","E","       142","E","        44","E","        53","E","         0","E","  -20.1","E,0106, ","","","  19.0"," ,E,0716, ","   29.1","E,0705, ","-1.4","E,0916","-4.5","E,1014","-4.5","E,1014","-6.7","E,1107","-9.1","E,1110","-3.3","E,0524","-3.3","E,0524","-7.1","E,0424","-7.1","E,0424","-12.6","E,0324","    4575.2","2","    4575.2","E","    423.0"," ,E","      5.97","E","      9.89","E","      2.05","E"
"SWE00139148","1972","59.86","17.63","13.0","UPPSALA AUT, SW","     67.4","","      67.4","E","       125","E","        47","E","         0","E","","","         0","E","       137","E","        48","E","        58","E","         0","E","  -14.3","E,0110, ","","","  22.6"," ,E,0801, ","   29.6","E,0628, ","-3.1","E,1001","-3.1","E,1001","-4.7","E,1117","-7.5","E,1120","","","-0.6","E,0516","-3.3","E,0429","-6.5","E,0402","-6.9","E,0326","-12.5","E,0311","    4575.6","6","    4575.6","E","    379.7"," ,E","      6.60","E","     10.24","E","      2.96","E"
"SWE00139148","1973","59.86","17.63","13.0","UPPSALA AUT, SW","     75.9","","      75.9","E","       138","E","        61","E","         0","E","","","         2","E","       138","E","        34","E","        56","E","         0","E","  -18.5","E,1209, ","","","  22.8"," ,E,0212, ","   30.7","E,0707,+","-4.5","E,1011","-4.5","E,1011","-4.5","E,1011","-7.0","E,1022","-11.5","E,1115","-0.2","E,0429","-2.2","E,0427","-4.7","E,0425","-13.4","E,0228","-13.4","E,0228","    3987.3","3","    3987.3","E","    499.8"," ,E","      6.32","E","     10.30","E","      2.34","E"
"SWE00139148","1974","59.86","17.63","13.0","UPPSALA AUT, SW","      2.5","","       2.5","E","       142","E","        74","E","         1","E","","","         0","E","       119","E","        14","E","        31","E","         0","E","  -14.3","E,1231, ","","","  26.8"," ,E,0711, ","   27.0","E,0518, ","-2.3","E,1015","-2.3","E,1015","-8.0","E,1201","-8.0","E,1201","-9.9","E,1202","-1.6","E,0514","-4.1","E,0506","-5.6","E,0414","-7.5","E,0323","-9.8","E,0210","    4489.7","7","    4489.7","E","    616.1"," ,E","      6.91","E","     10.53","E","      3.29","E"
"SWE00139148","1975","59.86","17.63","13.0","UPPSALA AUT, SW","     78.9","","      78.9","E","       125","E","        58","E","         0","E","","","         0","E","       125","E","        15","E","        64","E","         3","E","  -15.0","E,0215, ","","","  22.9"," ,E,0604, ","   34.3","E,0808, ","-0.5","E,1010","-3.4","E,1011","-5.1","E,1020","-7.3","E,1121","-13.7","E,1123","-0.3","E,0531","-2.7","E,0420","-5.1","E,0417","-6.7","E,0405","-9.6","E,0404","    4208.3","3","    4208.3","E","    435.3"," ,E","      7.44","E","     11.54","E","      3.35","E"
"SWE00139148","1976","59.86","17.63","13.0","UPPSALA AUT, SW","     31.5","","      31.5","E","       124","E","        51","E","         1","E","","","         1","E","       146","E","        78","E","        66","E","         0","E","  -20.7","E,1227, ","","","  31.6"," ,E,0915, ","   29.7","E,0626, ","0.0","E,0909","-2.5","E,0929","-7.8","E,1102","-7.8","E,1102","-8.9","E,1124","-2.6","E,0502","-2.6","E,0502","-5.5","E,0429","-6.7","E,0325","-9.3","E,0323","    4435.2","2","    4435.2","E","    415.6"," ,E","      5.22","E","      9.38","E","      1.06","E"
"SWE00139148","1977","59.86","17.63","13.0","UPPSALA AUT, SW","      9.8","","       9.8","E","       147","E","        66","E","         1","E","","","         1","E","       142","E","        54","E","        33","E","         0","E","  -19.3","E,0218, ","","","  33.5"," ,E,0713, ","   29.8","E,0615, ","-0.6","E,0923","-3.8","E,1004","-5.6","E,1118","-8.7","E,1120","-9.5","E,1204","-0.8","E,0426","-2.3","E,0419","-5.8","E,0410","-9.3","E,0409","-9.3","E,0409","    4704.0","0","    4704.0","E","    586.1"," ,E","      5.63","E","      9.22","E","      2.05","E"
"SWE00139148","1978","59.86","17.63","13.0","UPPSALA AUT, SW","     30.6","","      30.6","E","       133","E","        56","E","         3","E","","","        10","E","       159","E","        76","E","        44","E","         0","E","  -25.0","E,1231, ","","","  31.7"," ,E,0706, ","   28.7","E,0603, ","-2.2","E,0924","-2.2","E,0924","-6.0","E,1125","-10.1","E,1126","-10.1","E,1126","-1.7","E,0514","-3.2","E,0503","-4.8","E,0502","-17.4","E,0323","-17.4","E,0323","    4665.8","8","    4665.8","E","    455.1"," ,E","      4.99","E","      8.86","E","      1.12","E"
"SWE00139148","1979","59.86","17.63","13.0","UPPSALA AUT, SW","     20.4","","      20.4","E","       148","E","        61","E","         1","E","","","        15","E","       145","E","        70","E","        39","E","         0","E","  -28.6","E,0101, ","","","  44.1"," ,E,0826, ","   29.6","E,0607, ","-0.1","E,0923","-4.1","E,1006","-6.5","E,1208","-9.2","E,1209","-9.2","E,1209","-0.4","E,0505","-4.7","E,0418","-4.7","E,0418","-7.9","E,0416","-11.7","E,0319","    4981.4","4","    4981.4","E","    576.6"," ,E","      5.10","E","      8.86","E","      1.35","E"
"SWE00139148","1980","59.86","17.63","13.0","UPPSALA AUT, SW","     28.9","","      28.9","E","       136","E","        67","E","         3","E","","","         8","E","       163","E","        72","E","        47","E","         0","E","  -22.6","E,0126, ","","","  30.4"," ,E,0716, ","   28.3","E,0611, ","-0.9","E,1004","-3.1","E,1022","-5.9","E,1023","-7.5","E,1027","-11.3","E,1111","-3.4","E,0522","-3.4","E,0522","-4.7","E,0328","-7.1","E,0327","-9.2","E,0326","    4851.5","5","    4851.5","E","    696.1"," ,E","      5.12","E","      8.98","E","      1.26","E"
"SWE00139148","1981","59.86","17.63","13.0","UPPSALA AUT, SW","     18.7","","      18.7","E","       145","E","        75","E","         3","E","","","         6","E","       164","E","        74","E","        42","E","         0","E","  -20.2","E,1217, ","","","  42.5"," ,E,0816, ","   26.7","E,0712,+","-1.9","E,1016","-2.2","E,1018","-5.7","E,1019","-6.7","E,1116","-11.2","E,1127","-0.9","E,0505","-3.3","E,0429","-5.5","E,0426","-8.4","E,0328","-11.4","E,0318","    4660.5","5","    4660.5","E","    714.6"," ,E","      5.30","E","      9.10","E","      1.51","E"
"SWE00139148","1982","59.86","17.63","13.0","UPPSALA AUT, SW","     72.7","","      72.7","E","       130","E","        68","E","         0","E","","","         7","E","       128","E","        54","E","        42","E","         0","E","  -22.6","E,0108, ","","","  24.2"," ,E,0703, ","   31.6","E,0805, ","-0.1","E,0924","-3.2","E,1019","-4.6","E,1106","-8.1","E,1208","-10.7","E,1214","-0.7","E,0427","-3.6","E,0421","-5.8","E,0412","-7.1","E,0410","-9.0","E,0224","    4903.7","7","    4903.7","E","    490.5"," ,E","      6.07","E","      9.93","E","      2.22","E"
"SWE00139148","1983","59.86","17.63","13.0","UPPSALA AUT, SW","     51.1","","      51.1","E","       142","E","        74","E","         3","E","","","         1","E","       130","E","        42","E","        53","E","         0","E","  -18.6","E,0203, ","","","  55.6"," ,E,0712, ","   31.5","E,0711, ","-0.2","E,1010","-2.4","E,1025","-4.6","E,1112","-7.2","E,1117","-10.7","E,1122","0.0","E,0506","-4.9","E,0415","-4.9","E,0415","-14.1","E,0312","-14.1","E,0312","    4215.5","5","    4215.5","E","    644.9"," ,E","      6.62","E","     10.41","E","      2.82","E"
"SWE00139148","1984","59.86","17.63","13.0","UPPSALA AUT, SW","     15.4","","      15.4","E","       157","E","        74","E","         2","E","","","         1","E","       126","E","        48","E","        42","E","         0","E","  -18.2","E,0127, ","","","  38.0"," ,E,0715, ","   27.0","E,0710, ","-0.1","E,1016","-4.7","E,1116","-4.7","E,1116","-7.2","E,1215","-12.4","E,1218","-0.1","E,0512","-2.7","E,0511","-4.6","E,0328","-6.8","E,0326","-9.1","E,0325","    4396.2","2","    4396.2","E","    668.1"," ,E","      6.50","E","      9.89","E","      3.11","E"
"SWE00139148","1985","59.86","17.63","13.0","UPPSALA AUT, SW","     15.9","","      15.9","E","       133","E","        73","E","         1","E","","","        26","E","       162","E","       100","E","        38","E","         0","E","  -25.8","E,0210, ","","","  36.2"," ,E,0731, ","   27.9","E,0529, ","-0.9","E,0930","-3.9","E,1101","-4.4","E,1116","-7.6","E,1119","-9.0","E,1201","-0.1","E,0518","-3.3","E,0427","-4.5","E,0412","-9.4","E,0410","-9.4","E,0410","    4898.5","5","    4898.5","E","    587.8"," ,E","      3.90","E","      7.57","E","      0.24","E"
"SWE00139148","1986","59.86","17.63","13.0","UPPSALA AUT, SW","     24.0","","      24.0","E","       160","E","        77","E","         3","E","","","         6","E","       142","E","        68","E","        49","E","         0","E","  -23.5","E,0220, ","","","  41.0"," ,E,0829, ","   31.0","E,0626, ","-0.3","E,0918","-3.0","E,0927","-4.5","E,1206","-8.0","E,1207","-10.5","E,1225","-0.1","E,0423","-4.7","E,0416","-4.7","E,0416","-8.3","E,0412","-14.1","E,0302","    4801.0","0","    4801.0","E","    690.9"," ,E","      5.50","E","      9.22","E","      1.77","E"
"SWE00139148","1987","59.86","17.63","13.0","UPPSALA AUT, SW","      6.1","","       6.1","E","       128","E","        65","E","         2","E","","","        19","E","       146","E","        74","E","        24","E","         0","E","  -27.6","E,0111, ","","","  34.2"," ,E,0708, ","   28.8","E,0723, ","-0.6","E,0917","-4.3","E,1108","-10.1","E,1109","-10.1","E,1109","-10.1","E,1109","-0.9","E,0512","-4.4","E,0427","-4.4","E,0427","-7.7","E,0317","-10.5","E,0315","    5069.2","2","    5069.2","E","    554.5"," ,E","      4.16","E","      7.92","E","      0.41","E"
"SWE00139148","1988","59.86","17.63","13.0","UPPSALA AUT, SW","     40.5","","      40.5","E","       148","E","        68","E","         0","E","","","         1","E","       147","E","        61","E","        49","E","         0","E","  -20.1","E,1201, ","","","  21.0"," ,E,1028,+","   29.3","E,0627, ","0.0","E,1011","-3.3","E,1012","-4.7","E,1024","-6.7","E,1030","-10.9","E,1109","-0.4","E,0510","-3.2","E,0428","-4.8","E,0424","-11.6","E,0319","-11.6","E,0319","    4336.6","6","    4336.6","E","    608.4"," ,E","      6.13","E","      9.76","E","      2.51","E"
"SWE00139148","1989","59.86","17.63","13.0","UPPSALA AUT, SW","     62.9","","      62.9","E","       126","E","        59","E","         0","E","","","         3","E","        90","E","        22","E","        56","E","         0","E","  -27.4","E,1215, ","","","  21.0"," ,E,0607, ","   30.7","E,0708,+","-1.4","E,1012","-2.5","E,1117","-7.3","E,1121","-7.3","E,1121","-14.3","E,1125","-0.3","E,0425","-2.5","E,0406","-7.0","E,0405","-7.0","E,0405","","","    3725.2","2","    3725.2","E","    399.5"," ,E","      7.74","E","     11.53","E","      3.96","E"
"SWE00139148","1990","59.86","17.63","13.0","UPPSALA AUT, SW","     19.9","","      19.9","E","       137","E","        68","E","         1","E","","","         0","E","        94","E","        16","E","        45","E","         0","E","  -11.7","E,1122, ","","","  26.5"," ,E,0922, ","   28.2","E,0503, ","-0.4","E,1021","-2.9","E,1022","-11.7","E,1122","-11.7","E,1122","-11.7","E,1122","-0.1","E,0527","-4.2","E,0408","-5.8","E,0407","-8.4","E,0314","-9.2","E,0128","    3912.8","8","    3912.8","E","    604.4"," ,E","      7.64","E","     11.31","E","      3.97","E"
"SWE00139148","1991","59.86","17.63","13.0","UPPSALA AUT, SW","     47.7","","      47.7","E","       144","E","        71","E","         0","E","","","         0","E","       123","E","        33","E","        45","E","         0","E","  -12.9","E,0114, ","","","  19.4"," ,E,0719, ","   30.0","E,0707, ","-1.7","E,1020","-4.8","E,1021","-4.8","E,1021","-7.3","E,1121","","","-0.6","E,0518","-2.4","E,0426","-6.0","E,0421","-7.0","E,0316","-10.3","E,0218","    4407.8","8","    4407.8","E","    594.8"," ,E","      6.82","E","     10.28","E","      3.36","E"
"SWE00139148","1992","59.86","17.63","13.0","UPPSALA AUT, SW","     43.1","","      43.1","E","       149","E","        75","E","         2","E","","","         0","E","       121","E","        23","E","        72","E","         0","E","  -11.3","E,1031, ","","","  36.7"," ,E,0728, ","   28.8","E,0810, ","-2.1","E,1010","-6.7","E,1013","-6.7","E,1013","-6.7","E,1013","-11.3","E,1031","-0.3","E,0512","-4.3","E,0424","-7.7","E,0417","-7.7","E,0417","-10.9","E,0120","    3865.6","6","    3865.6","E","    603.7"," ,E","      7.39","E","     11.05","E","      3.72","E"
"SWE00139148","1993","59.86","17.63","13.0","UPPSALA AUT, SW","      4.0","","       4.0","E","       135","E","        63","E","         0","E","","","         0","E","       134","E","        37","E","        48","E","         0","E","  -13.4","E,1214, ","","","  15.6"," ,E,0821, ","   27.3","E,0521, ","-2.0","E,0918","-3.5","E,1015","-7.1","E,1023","-7.1","E,1023","-9.5","E,1125","-1.8","E,0420","-2.4","E,0414","-4.9","E,0413","-7.8","E,0303","-9.3","E,0302","    4115.7","7","    4115.7","E","    489.7"," ,E","      6.54","E","     10.27","E","      2.80","E"
"SWE00139148","1994","59.86","17.63","13.0","UPPSALA AUT, SW","    112.1","","     112.1","E","       120","E","        65","E","         1","E","","","         3","E","       126","E","        55","E","        55","E","         4","E","  -20.2","E,0213, ","","","  27.7"," ,E,0806, ","   33.3","E,0714, ","-0.7","E,1002","-3.4","E,1005","-5.5","E,1019","-10.3","E,1112","-10.3","E,1112","-0.1","E,0522","-2.9","E,0411","-6.4","E,0327","-6.7","E,0320","-18.4","E,0302","    4700.0","0","    4700.0","E","    538.5"," ,E","      6.58","E","     10.65","E","      2.51","E"
"SWE00139148","1995","59.86","17.63","13.0","UPPSALA AUT, SW","     58.4","","      58.4","E","       133","E","        62","E","         2","E","","","         6","E","       147","E","        52","E","        66","E","         0","E","  -22.1","E,1226, ","","","  37.6"," ,E,0930, ","   30.9","E,0818, ","-0.3","E,0918","-3.9","E,1022","-5.6","E,1101","-11.5","E,1105","-11.5","E,1105","-1.4","E,0513","-4.2","E,0501","-4.7","E,0330","-11.1","E,0212","-11.1","E,0212","    4119.0","0","    4119.0","E","    558.8"," ,E","      6.39","E","     10.22","E","      2.55","E"
"SWE00139148","1996","59.86","17.63","13.0","UPPSALA AUT, SW","     44.1","","      44.1","E","       117","E","        56","E","         1","E","","","        11","E","       150","E","        60","E","        55","E","         0","E","  -22.1","E,0206, ","","","  33.8"," ,E,0709, ","   29.4","E,0821, ","-2.0","E,0921","-2.7","E,1031","-4.5","E,1111","-6.9","E,1114","-11.0","E,1213","-0.9","E,0517","-3.6","E,0415","-4.7","E,0414","-7.2","E,0325","-10.3","E,0319","    4808.9","9","    4808.9","E","    506.2"," ,E","      5.72","E","      9.63","E","      1.82","E"
"SWE00139148","1997","59.86","17.63","13.0","UPPSALA AUT, SW","    140.7","","     140.7","E","       128","E","        65","E","         2","E","","","         0","E","       132","E","        33","E","        77","E","         0","E","  -16.3","E,0217, ","",""," 104.4"," ,E,0817, ","   30.4","E,0701, ","-0.2","E,1006","-3.1","E,1023","-5.0","E,1025","-7.3","E,1105","-9.6","E,1128","-0.1","E,0523","-3.4","E,0426","-4.4","E,0416","-6.7","E,0325","-11.0","E,0323","    4223.1","1","    4223.1","E","    708.6"," ,E","      7.30","E","     11.17","E","      3.43","E"
"SWE00139148","1998","59.86","17.63","13.0","UPPSALA AUT, SW","      0.5","","       0.5","E","       168","E","        80","E","         0","E","","","         0","E","       138","E","        49","E","        23","E","         0","E","  -17.5","E,0310, ","","","  15.6"," ,E,0119, ","   24.9","E,0721, ","-2.9","E,1002","-2.9","E,1002","-6.4","E,1106","-7.1","E,1108","-10.4","E,1119","-1.5","E,0524","-2.6","E,0415","-7.9","E,0409","-7.9","E,0409","-9.0","E,0403","    4219.9","9","    4219.9","E","    607.6"," ,E","      6.10","E","      9.59","E","      2.62","E"
"SWE00139148","1999","59.86","17.63","13.0","UPPSALA AUT, SW","     75.5","","      75.5","E","       144","E","        59","E","         1","E","","","         3","E","       115","E","        41","E","        77","E","         0","E","  -19.6","E,0128, ","","","  28.9"," ,E,0417, ","   31.0","E,0803, ","-0.2","E,1017","-5.2","E,1115","-5.2","E,1115","-7.3","E,1120","-10.2","E,1205","-0.2","E,0515","-3.3","E,0512","-10.0","E,0313","-10.0","E,0313","-10.0","E,0313","    4410.0","0","    4410.0","E","    487.9"," ,E","      7.21","E","     11.33","E","      3.10","E"
"SWE00139148","2000","59.86","17.63","13.0","UPPSALA AUT, SW","      2.7","","       2.7","E","       151","E","        72","E","         0","E","","","         2","E","       101","E","        26","E","        39","E","         0","E","  -20.6","E,0124, ","","","  19.0"," ,E,1030, ","   25.0","E,0703, ","-0.6","E,0920","-3.2","E,1028","-4.8","E,1223","-9.4","E,1225","-9.4","E,1225","-1.4","E,0416","-3.1","E,0415","-4.5","E,0408","-7.9","E,0328","-11.4","E,0306","    4015.3","3","    4015.3","E","    591.8"," ,E","      7.73","E","     11.66","E","      3.79","E"
"SWE00139148","2001","59.86","17.63","13.0","UPPSALA AUT, SW","     63.4","","      63.4","E","       137","E","        65","E","         2","E","","","         6","E","       127","E","        46","E","        55","E","         0","E","  -25.0","E,1224, ","","","  82.3"," ,E,0827, ","   31.5","E,0707, ","-1.6","E,0925","-4.1","E,0930","-5.1","E,1024","-6.7","E,1110","-9.9","E,1220","-1.0","E,0530","-3.1","E,0422","-5.9","E,0415","-9.0","E,0325","-9.0","E,0325","    4095.5","5","    4095.5","E","    582.0"," ,E","      6.74","E","     10.63","E","      2.86","E"
"SWE00139148","2002","59.86","17.63","13.0","UPPSALA AUT, SW","    118.4","","     118.4","E","       126","E","        60","E","         2","E","","","         2","E","       139","E","        46","E","        91","E","         0","E","  -18.0","E,1231,+","","","  39.0"," ,E,0719, ","   29.5","E,0729, ","-1.6","E,0922","-2.2","E,1018","-8.5","E,1019","-8.5","E,1019","-9.3","E,1020","0.0","E,0507","-2.3","E,0419","-4.4","E,0316","-7.0","E,0315","-10.9","E,0303","    3909.7","7","    3909.7","E","    596.9"," ,E","      7.20","E","     11.39","E","      3.00","E"
"SWE00139148","2003","59.86","17.63","13.0","UPPSALA AUT, SW","     92.2","","      92.2","E","       130","E","        63","E","         0","E","","","         7","E","       137","E","        40","E","        72","E","         0","E","  -24.2","E,0105, ","","","  19.0"," ,E,0501, ","   30.3","E,0716, ","-1.0","E,0930","-3.0","E,1016","-5.5","E,1020","-8.1","E,1023","-9.1","E,1024","-1.1","E,0429","-2.8","E,0425","-5.8","E,0408","-8.9","E,0321","-8.9","E,0321","    4488.6","6","    4488.6","E","    537.6"," ,E","      6.89","E","     10.98","E","      2.80","E"
"SWE00139148","2004","59.86","17.63","13.0","UPPSALA AUT, SW","     44.4","","      44.4","E","       139","E","        72","E","         1","E","","","         1","E","       136","E","        49","E","        48","E","         0","E","  -19.6","E,0103, ","","","  28.0"," ,E,0607, ","   30.9","E,0808, ","-2.0","E,1011","-3.8","E,1102","-10.5","E,1119","-10.5","E,1119","-10.5","E,1119","-0.2","E,0430","-3.8","E,0413","-5.2","E,0403","-7.1","E,0402","-11.3","E,0305","    4237.0","0","    4237.0","E","    517.4"," ,E","      6.86","E","     10.88","E","      2.83","E"
"SWE00139148","2005","59.86","17.63","13.0","UPPSALA AUT, SW","     38.0","","      38.0","E","       133","E","        56","E","         2","E","","","         3","E","       129","E","        50","E","        52","E","         1","E","  -25.0","E,0302, ","","","  29.8"," ,E,0716, ","   32.5","E,0712, ","-1.7","E,1018","-3.0","E,1019","-4.5","E,1025","-6.8","E,1118","-9.8","E,1201","-0.7","E,0510","-2.7","E,0424","-4.9","E,0420","-15.1","E,0321","-15.1","E,0321","    4217.2","2","    4217.2","E","    574.2"," ,E","      7.17","E","     11.17","E","      3.17","E"
"SWE00139148","2006","59.86","17.63","13.0","UPPSALA AUT, SW","    114.4","","     114.4","E","       141","E","        74","E","         1","E","","","         1","E","       115","E","        48","E","        93","E","         0","E","  -18.1","E,0122, ","","","  41.3"," ,E,0814, ","   32.0","E,0707, ","-3.9","E,1029","-3.9","E,1029","-4.4","E,1101","-7.8","E,1102","-9.1","E,1103","-0.5","E,0516","-3.4","E,0422","-5.2","E,0402","-10.5","E,0326","-10.5","E,0326","    4232.3","3","    4232.3","E","    585.0"," ,E","      7.79","E","     11.86","E","      3.72","E"
"SWE00139148","2007","59.86","17.63","13.0","UPPSALA AUT, SW","     51.6","","      51.6","E","       146","E","        70","E","         1","E","","","         3","E","       120","E","        40","E","        66","E","         0","E","  -18.8","E,0207, ","","","  33.7"," ,E,0419, ","   29.9","E,0609, ","-2.6","E,1011","-2.6","E,1011","-6.7","E,1124","-6.7","E,1124","","","-0.6","E,0510","-4.3","E,0422","-6.7","E,0224","-6.7","E,0224","-11.5","E,0223","    3570.3","3","    3570.3","E","    561.2"," ,E","      7.44","E","     11.37","E","      3.50","E"
"SWE00139148","2008","59.86","17.63","13.0","UPPSALA AUT, SW","     48.4","","      48.4","E","       166","E","        73","E","         1","E","","","         0","E","        98","E","        22","E","        57","E","         0","E","  -12.3","E,0324, ","","","  25.8"," ,E,1005, ","   31.5","E,0726, ","-0.3","E,1007","-2.3","E,1030","-6.1","E,1121","-8.3","E,1126","","","-1.4","E,0519","-3.0","E,0420","-4.7","E,0328","-12.3","E,0324","-12.3","E,0324","    3866.4","4","    3866.4","E","    665.3"," ,E","      7.82","E","     11.65","E","      3.99","E"
"SWE00139148","2009","59.86","17.63","13.0","UPPSALA AUT, SW","     48.2","","      48.2","E","       147","E","        67","E","         2","E","","","         0","E","       117","E","        48","E","        58","E","         0","E","  -17.5","E,1230, ","","","  27.7"," ,E,0614, ","   30.3","E,0629, ","-2.0","E,1001","-2.3","E,1006","-7.2","E,1202","-7.2","E,1202","-16.0","E,1218","-0.6","E,0423","-5.2","E,0421","-5.2","E,0421","-11.5","E,0325","-11.5","E,0325","    4196.2","2","    4196.2","E","    588.6"," ,E","      6.94","E","     10.70","E","      3.18","E"
"SWE00139148","2010","59.86","17.63","13.0","UPPSALA AUT, SW","    112.0","","     112.0","E","       139","E","        59","E","         2","E","","","        12","E","       165","E","       101","E","        64","E","         1","E","  -23.8","E,1223, ","","","  46.9"," ,E,0724, ","   32.6","E,0711, ","-0.8","E,0930","-3.8","E,1016","-9.6","E,1108","-9.6","E,1108","-9.6","E,1108","-1.2","E,0505","-3.1","E,0420","-8.5","E,0322","-8.5","E,0322","-9.0","E,0317","    4560.2","2","    4560.2","E","    600.7"," ,E","      5.15","E","      9.11","E","      1.18","E"
"SWE00139148","2011","59.86","17.63","13.0","UPPSALA AUT, SW","     91.1","","      91.1","E","       117","E","        58","E","         2","E","","","         6","E","       114","E","        36","E","        77","E","         0","E","  -23.6","E,0224, ","","","  41.1"," ,E,0810, ","   30.3","E,0722, ","-0.2","E,1009","-3.1","E,1118","-4.7","E,1212","","","","","-0.8","E,0505","-5.8","E,0331","-5.8","E,0331","-6.9","E,0326","-10.4","E,0316","    4497.6","6","    4497.6","E","    559.7"," ,E","      7.89","E","     11.92","E","      3.86","E"
"SWE00139148","2012","59.86","17.63","13.0","UPPSALA AUT, SW","     23.7","","      23.7","E","       172","E","        84","E","         1","E","","","         4","E","       129","E","        55","E","        52","E","         0","E","  -19.5","E,0204, ","","","  25.8"," ,E,0831, ","   27.8","E,0725, ","-2.1","E,1012","-3.0","E,1025","-7.3","E,1028","-7.3","E,1028","-9.5","E,1201","-1.8","E,0507","-3.0","E,0415","-7.2","E,0408","-7.2","E,0408","-10.1","E,0306","    3906.6","6","    3906.6","E","    738.9"," ,E","      6.64","E","     10.46","E","      2.82","E"
"SWE00139148","2013","59.86","17.63","13.0","UPPSALA AUT, SW","     44.9","","      44.9","E","       126","E","        54","E","         0","E","       89","","         2","E","       132","E","        48","E","        89","E","         0","E","  -21.6","E,0119, ","   300"," ,E,0214, ","  16.0"," ,E,0916, ","   30.3","E,0727, ","-1.1","E,0926","-5.3","E,1020","-5.3","E,1020","-6.9","E,1021","-11.2","E,1208","0.0","E,0501","-2.5","E,0411","-6.1","E,0410","-8.8","E,0409","-10.1","E,0325","    4366.7","7","    4366.7","E","    408.5"," ,E","      7.32","E","     11.48","E","      3.15","E"
"SWE00139148","2014","59.86","17.63","13.0","UPPSALA AUT, SW","    133.0","","     133.0","E","       134","E","        71","E","         2","E","","","         0","E","        97","E","        28","E","        69","E","         2","E","  -16.1","E,0117, ","","","  43.0"," ,E,0816, ","   33.3","E,0804, ","-1.8","E,0924","-3.2","E,1031","-5.4","E,1218","-12.8","E,1225","-12.8","E,1225","-3.6","E,0506","-3.6","E,0506","-5.0","E,0404","-7.1","E,0127","-13.3","E,0123","    3760.1","1","    3760.1","E","    613.7"," ,E","      8.16","E","     12.05","E","      4.27","E"
"SWE00139148","2015","59.86","17.63","13.0","UPPSALA AUT, SW","     30.2","","      30.2","E","       145","E","        64","E","         0","E","       43","","         0","E","        98","E","        17","E","        48","E","         0","E","  -11.3","E,1229, ","   310"," ,E,0204, ","  19.0"," ,E,0709, ","   30.1","E,0702, ","-1.4","E,1006","-4.3","E,1009","-4.5","E,1010","-10.1","E,1123","-10.1","E,1123","-1.0","E,0516","-2.8","E,0406","-6.6","E,0322","-9.2","E,0124","-9.2","E,0124","    3816.4","4","    3816.4","E","    544.1"," ,E","      8.05","E","     12.05","E","      4.04","E"
"SWE00139148","2016","59.86","17.63","13.0","UPPSALA AUT, SW","     46.5","","      46.5","E","       130","E","        53","E","         0","E","       63","","         3","E","       109","E","        36","E","        77","E","         0","E","  -19.9","E,0115, ","   200"," ,E,0114, ","  22.0"," ,E,0829, ","   30.9","E,0725, ","-0.9","E,1031","-4.6","E,1104","-4.6","E,1104","-7.7","E,1112","-9.5","E,1204","-0.3","E,0427","-2.3","E,0426","-5.3","E,0312","-9.8","E,0229","-9.8","E,0229","    3920.8","8","    3920.8","E","    407.6"," ,E","      7.54","E","     11.42","E","      3.67","E"
"SWE00139148","2017","59.86","17.63","13.0","UPPSALA AUT, SW","     27.8","","      27.8","E","       138","E","        65","E","         0","E","","","         1","E","       129","E","        24","E","        67","E","         0","E","  -19.6","E,0106, ","","","  18.0"," ,E,0920, ","   28.2","E,0519, ","-0.3","E,1019","-3.1","E,1113","-4.8","E,1114","-6.7","E,1217","","","-1.6","E,0516","-2.2","E,0513","-5.0","E,0510","-7.1","E,0417","-9.4","E,0212","    3954.2","2","    3954.2","E","    518.1"," ,E","      7.45","E","     11.42","E","      3.49","E"
"SWE00139148","2018","59.86","17.63","13.0","UPPSALA AUT, SW","    206.6","","     206.6","E","       106","E","        45","E","         2","E","       79","","         0","E","       132","E","        56","E","       107","E","         9","E","  -16.2","E,0301, ","   270"," ,E,0310, ","  70.0"," ,E,0729, ","   34.4","E,0716, ","0.0","E,0929","-2.6","E,1026","-5.2","E,1029","-7.5","E,1123","-12.9","E,1128","-1.3","E,0417","-4.1","E,0412","-4.9","E,0411","-6.7","E,0403","-9.4","E,0331","    4001.2","2","    4001.2","E","    461.0"," ,E","      8.12","E","     12.42","E","      3.83","E"
"SWE00139148","2019","59.86","17.63","13.0","UPPSALA AUT, SW","     88.8","","      88.8","E","       159","E","        81","E","         0","E","       53","","         0","E","       123","E","        34","E","        72","E","         1","E","  -17.7","E,0121, ","   310"," ,E,0207,+","  20.0"," ,E,0715, ","   32.8","E,0725, ","-0.9","E,0923","-3.8","E,1030","-5.0","E,1107","-6.8","E,1201","","","-0.5","E,0514","-2.3","E,0416","-5.0","E,0415","-7.3","E,0412","-9.5","E,0312","    3812.0","0","    3812.0","E","    574.7"," ,E","      7.81","E","     11.86","E","      3.77","E"
"SWE00139148","2020","59.86","17.63","13.0","UPPSALA AUT, SW","     98.7","","      98.7","E","       135","E","        64","E","         1","E","        3","","         0","E","        70","E","         3","E","        68","E","         0","E","   -9.3","E,0322, ","   100"," ,E,1226, ","  28.3"," ,E,0705, ","   30.7","E,0815,+","-0.2","E,1019","-3.7","E,1020","-6.7","E,1226","-6.7","E,1226","","","-0.5","E,0520","-4.3","E,0430","-7.9","E,0331","-7.9","E,0331","-9.3","E,0322","    3716.0","0","    3716.0","E","    503.1"," ,E","      9.06","E","     13.12","E","      5.01","E"
"SWE00139148","2021","59.86","17.63","13.0","UPPSALA AUT, SW","    122.9","","     122.9","E","       126","E","        54","E","         2","E","       44","","         2","E","       129","E","        53","E","        79","E","         1","E","  -18.5","E,1207, ","   200"," ,E,0211,+","  30.6"," ,E,0526, ","   32.3","E,0715, ","-0.3","E,1017","-2.8","E,1019","-5.7","E,1109","-7.6","E,1126","-9.2","E,1127","-1.1","E,0503","-2.4","E,0501","-5.8","E,0319","-7.0","E,0311","-11.4","E,0216","    3784.3","3","    3784.3","E","    465.7"," ,E","      7.33","E","     11.47","E","      3.19","E"
